year,iso,included,exclusion_reason,cap_year,market_cap_usd,start_weight,return_source,local_return,usd_return,reference_currency_return,usd_return_contribution
1900,AUS,true,,1899,252910329.70058775,0.011310892538153343,JST_R6_EQ_TR,0.12200000137090683,0.12203540070017027,0.1233455962208505,0.001380329303170109
1900,BEL,true,,1899,693542038.1850091,0.031017236322017454,JST_R6_EQ_TR,-0.09390377998352051,-0.08562136480969529,-0.08455364912863517,-0.002655738106515988
1900,CAN,true,,1899,342531992.16705513,0.015319036430294681,KZ_R1_EQ_TR_FALLBACK,0.0385260283946991,0.03145566011130585,0.03266008609003612,0.00048187040318406157
1900,CHE,false,missing_start_market_cap,1899,,,JST_R6_EQ_TR,0.06717817485332489,,,
1900,DEU,true,,1899,2039892269.6426516,0.09122997181907565,JST_R6_EQ_TR,-0.06725689768791199,-0.06834478714838277,-0.0672568976879121,-0.006235093005527683
1900,DNK,true,,1899,100172570.35034451,0.004480011472227025,JST_R6_EQ_TR,0.04688404127955437,0.04573614211148458,0.04695724334265172,0.00020489844135485646
1900,ESP,false,missing_start_market_cap,1899,,,JST_R6_EQ_TR,0.04194788634777069,,,
1900,FIN,false,missing_start_market_cap,1899,,,JST_R6_EQ_TR,-0.02435016818344593,,,
1900,FRA,true,,1899,3635149474.382622,0.16257455800062914,JST_R6_EQ_TR,0.039699506014585495,0.04226329591129274,0.043480341916098286,0.006870936652428214
1900,GBR,true,,1899,6803741482.909087,0.3042832962246615,JST_R6_EQ_TR,0.09459999948740005,0.09459999948740005,0.0958781588176405,0.028785199666877377
1900,ITA,true,,1899,34811488.173808396,0.0015568719644361274,JST_R6_EQ_TR,0.0478999987244606,0.05931088800276685,0.06054784040159755,0.00009233945871731877
1900,JPN,true,,1899,112438455.19277076,0.005028577857405103,JST_R6_EQ_TR,-0.16178876161575317,-0.1660436409984144,-0.1650698340353498,-0.0008349633764875488
1900,NLD,false,missing_start_market_cap,1899,,,JST_R6_EQ_TR,0.06770267337560654,,,
1900,NOR,true,,1899,52094004.80423792,0.0023297968529808516,JST_R6_EQ_TR,0.0013829410308972,0.008543545119676699,0.00972121672825721,0.000019904724533122684
1900,PRT,true,,1899,55830617.0364481,0.0024969091234259303,JST_R6_EQ_TR,0.10583502054214478,0.12263251452506352,0.12394340729278097,0.000306202244346294
1900,SWE,true,,1899,56306291.33116056,0.002518182674557765,JST_R6_EQ_TR,0.06430868059396744,0.06957753544839296,0.07082647616371296,0.00017520894430457187
1900,USA,true,,1899,8180470466.61377,0.36585465872013545,JST_R6_EQ_TR,0.191029891371727,0.191029891371727,0.19242065143838616,0.06988917571314772
1901,AUS,true,,1900,272628472.9732804,0.010757675385869173,JST_R6_EQ_TR,-0.03200000151991844,-0.031019956112836256,-0.03468718992646236,-0.00033370261834580057
1901,BEL,true,,1900,661682597.5491316,0.026109402716751103,JST_R6_EQ_TR,-0.10635245591402054,-0.086308025018634,-0.08976601378427329,-0.0022534509828989447
1901,CAN,true,,1900,347032487.39242554,0.013693591160906873,KZ_R1_EQ_TR_FALLBACK,0.10514286905527115,0.10514286905527115,0.10096030892531327,0.0014397834623276497
1901,CHE,false,missing_start_market_cap,1900,,,JST_R6_EQ_TR,0.03180791437625885,,,
1901,DEU,true,,1900,1951823218.8483992,0.07701719622304906,JST_R6_EQ_TR,0.038567397743463516,0.04251292652852601,0.03856739774346374,0.0032742264044635554
1901,DNK,true,,1900,113277440.56172837,0.0044698263567818745,JST_R6_EQ_TR,0.050443459302186966,0.05660398472381978,0.05260512645544191,0.00025300998281740824
1901,ESP,true,,1900,104309654.38718921,0.0041159655456074196,JST_R6_EQ_TR,0.022268075495958328,-0.04421704197719101,-0.0478343296646524,-0.00018199582130679515
1901,FIN,false,missing_start_market_cap,1900,,,JST_R6_EQ_TR,0,,,
1901,FRA,true,,1900,3644113371.5870814,0.14379345008722247,JST_R6_EQ_TR,-0.05437985435128212,-0.052800247750805496,-0.05638505115477643,-0.00759232978954843
1901,GBR,true,,1900,6804389132.599886,0.2684951013712334,JST_R6_EQ_TR,0.04909999668598175,0.05114502591928782,0.04716682780633996,0.013732188918833543
1901,ITA,true,,1900,352447500.2461899,0.013907262718597822,JST_R6_EQ_TR,0.039799999445676804,0.06294953561144312,0.05892666176201389,0.0008754557297620688
1901,JPN,true,,1900,111800561.40482977,0.004411550027898103,JST_R6_EQ_TR,-0.0845838338136673,-0.08224858849176331,-0.08572194073468942,-0.00036284376285541806
1901,NLD,true,,1900,396577579.2683506,0.015648596115273847,JST_R6_EQ_TR,0.008843154646456242,0.011311602117421105,0.007484158893183546,0.00017701069295219933
1901,NOR,true,,1900,52386342.23890797,0.0020671181491540374,JST_R6_EQ_TR,0.017377113923430443,0.021608067703842826,0.01774165613655465,0.00004466642891876271
1901,PRT,true,,1900,52705672.09457685,0.002079718619276756,JST_R6_EQ_TR,0.09837999194860458,0.08982971608294155,0.08570511061647501,0.0001868205331020382
1901,SWE,true,,1900,58574425.616575025,0.0023112943773800575,JST_R6_EQ_TR,0.007049345411360264,0.010123651705799652,0.006300704437847138,0.000023398739266168764
1901,USA,true,,1900,10418945312.5,0.4111222511449979,JST_R6_EQ_TR,0.20378455519676208,0.20378455519676208,0.19922867249000475,0.0837803650810749
1902,AUS,true,,1901,253402143.99083248,0.008685807393394538,JST_R6_EQ_TR,0.15600000321865082,0.1554787061237708,0.15779778029561964,0.001350458095165265
1902,BEL,true,,1901,588514164.7196262,0.020172365563031976,JST_R6_EQ_TR,0.017839796841144562,0.04921828768788483,0.05132409458740872,0.0009928492916264887
1902,CAN,true,,1901,398735553.02619934,0.013667367449777843,KZ_R1_EQ_TR_FALLBACK,0.15051087737083435,0.15051087737083435,0.1528199809882369,0.002057087466215646
1902,CHE,false,missing_start_market_cap,1901,,,JST_R6_EQ_TR,0.08464536815881729,,,
1902,DEU,true,,1901,1861276471.3554564,0.0637985483525956,JST_R6_EQ_TR,0.08680732548236847,0.0846304455114475,0.08680732548236847,0.00539929957006379
1902,DNK,true,,1901,116999796.44983543,0.004010375291325087,JST_R6_EQ_TR,0.084967240691185,0.08306771451527961,0.08524145804666983,0.00033313270979892367
1902,ESP,true,,1901,101536270.22684619,0.003480335536016429,JST_R6_EQ_TR,0.043839555233716965,0.06769874506763052,0.06984164269947701,0.00023561434820259142
1902,FIN,false,missing_start_market_cap,1901,,,JST_R6_EQ_TR,0.0015480522997677326,,,
1902,FRA,true,,1901,3771367195.8168526,0.12927029170604307,JST_R6_EQ_TR,0.007407220080494881,0.007397186671708855,0.009419057593277547,0.0009562364788558576
1902,GBR,true,,1901,6398118262.634872,0.21930683787512503,JST_R6_EQ_TR,0.05889999866485596,0.05838421688274931,0.06050842002752144,0.01280405798637124
1902,ITA,false,missing_start_market_cap,1901,,,JST_R6_EQ_TR,-0.01640000008046627,,,
1902,JPN,true,,1901,116310184.49059911,0.003986737619757775,JST_R6_EQ_TR,0.4164491891860962,0.4236575820063819,0.4265148977755868,0.0016890116200804575
1902,NLD,true,,1901,435858145.6207367,0.014939810074538236,JST_R6_EQ_TR,0.024988284334540367,0.021024769145395306,0.02307399096003726,0.00031410605789321743
1902,NOR,true,,1901,49607969.80001913,0.0017004010466300063,JST_R6_EQ_TR,0.014985128305852413,0.012258634276509417,0.014290262242944829,0.00002084459455403108
1902,PRT,true,,1901,53804317.83123772,0.0018442383093334096,JST_R6_EQ_TR,0.11989510804414749,0.24846019739499026,0.25096588770586825,0.00045821981438038203
1902,SWE,true,,1901,43624959.46425135,0.001495322768322117,JST_R6_EQ_TR,0.0020000000949949026,0.0004101605458624036,0.0024180083342133507,6.133224028954799e-7
1902,USA,true,,1901,14985120773.31543,0.5136415610141091,JST_R6_EQ_TR,0.0540880486369133,0.0540880486369133,0.05620362926639011,0.0277818697340712
1903,AUS,true,,1902,248200885.42504674,0.007827450137407245,JST_R6_EQ_TR,0.21899999678134918,0.218280919244902,0.21906527637153506,0.0017085830113368879
1903,BEL,true,,1902,602143686.401132,0.01898965699815274,JST_R6_EQ_TR,0.11917615681886673,0.13226593643078344,0.1329949151437011,0.0025116847653600524
1903,CAN,true,,1902,491922914.98184204,0.015513651701420664,KZ_R1_EQ_TR_FALLBACK,-0.11698164790868759,-0.11698164790868759,-0.11641314049264784,-0.0018148125411136043
1903,CHE,false,missing_start_market_cap,1902,,,JST_R6_EQ_TR,0.07650520652532578,,,
1903,DEU,true,,1902,2043541441.8243382,0.06444666267895245,JST_R6_EQ_TR,0.10097536444664001,0.10026698738916084,0.10097536444664001,0.006461872714104028
1903,DNK,true,,1902,122975095.43203661,0.0038782352689384356,JST_R6_EQ_TR,0.07942571491003036,0.07755451574696326,0.07824826999560197,0.0003007746582353142
1903,ESP,true,,1902,110921029.22712053,0.003498089154590751,JST_R6_EQ_TR,0.05404460430145264,0.055552536496447535,0.05623212536750177,0.00019432772542823
1903,FIN,true,,1902,29733.595595422652,9.377010743955876e-7,JST_R6_EQ_TR,0.09135858714580536,0.0901960258683141,0.09089791901037092,8.457691036293035e-8
1903,FRA,true,,1902,3889033308.301282,0.12264748472316409,JST_R6_EQ_TR,0.028068458661437035,0.026364212813513532,0.02702500957403431,0.0032335043882836477
1903,GBR,true,,1902,6690158881.156315,0.21098589138352358,JST_R6_EQ_TR,0.016699999570846558,0.015216487898320974,0.01587010749851303,0.00321046426295385
1903,ITA,false,missing_start_market_cap,1902,,,JST_R6_EQ_TR,0.16520000994205475,,,
1903,JPN,true,,1902,151932126.67851055,0.0047914460248991205,JST_R6_EQ_TR,0.16901464760303497,0.16013605534275865,0.16088297747582136,0.0007672832658150865
1903,NLD,true,,1902,465109559.6210725,0.01466804552341053,JST_R6_EQ_TR,0.02581818401813507,0.027286731362399896,0.027948122061467018,0.0004002430178087555
1903,NOR,true,,1902,49903764.32790054,0.0015738027133812358,JST_R6_EQ_TR,-0.03758150711655617,-0.03951413431411077,-0.038895751540581114,-0.00006218745180045814
1903,PRT,true,,1902,65499879.18756412,0.0020656535429712805,JST_R6_EQ_TR,0.09644003212451935,0.12250052729062633,0.12322321880973464,0.0002530436482137323
1903,SWE,true,,1902,94421171.87313707,0.0029777372207470667,JST_R6_EQ_TR,0.09780439734458923,0.0955999024688241,0.09630527475026174,0.00028467138788120693
1903,USA,true,,1902,16683240890.50293,0.5261352552273665,JST_R6_EQ_TR,-0.14037266373634338,-0.14037266373634338,-0.13981921599141378,-0.07385500726186632
1904,AUS,true,,1903,257488346.1552552,0.008744700995738632,JST_R6_EQ_TR,0.07500000298023224,0.07727437944138305,0.0727562140905662,0.0006757413428461472
1904,BEL,true,,1903,665653364.0960039,0.022606613940955995,JST_R6_EQ_TR,0.13691067695617676,0.13691067695617676,0.13214239273293127,0.003095086818343228
1904,CAN,true,,1903,420604825.0198364,0.014284387961953474,KZ_R1_EQ_TR_FALLBACK,0.1166311576962471,0.1166311576962471,0.1119479272188253,0.0016660047049849695
1904,CHE,false,missing_start_market_cap,1903,,,JST_R6_EQ_TR,0.1426810771226883,,,
1904,DEU,true,,1903,2292441166.002258,0.07785483438898942,JST_R6_EQ_TR,0.1247231513261795,0.12946018766755518,0.12472315132617973,0.010079101470824999
1904,DNK,true,,1903,133948583.32050596,0.00454910028912274,JST_R6_EQ_TR,0.06914178282022476,0.07112461994843167,0.06663224712622884,0.0003235530291711555
1904,ESP,true,,1903,119891558.25286123,0.0040717020575459315,JST_R6_EQ_TR,-0.0013100476935505867,-0.02091966807544432,-0.025026000608537324,-0.00008517865554596457
1904,FIN,true,,1903,1752864.3187170539,0.00005952997322852585,JST_R6_EQ_TR,-0.0003607419494073838,0.002590111916854987,-0.0016148223052725452,1.5418929306926314e-7
1904,FRA,true,,1903,3996784605.2702203,0.13573696378625796,JST_R6_EQ_TR,0.0629340335726738,0.06358830878808086,0.059127543790781,0.008631283967197121
1904,GBR,true,,1903,6426731088.282069,0.21826169062097422,JST_R6_EQ_TR,0.1111999973654747,0.11228198373097165,0.10761699399842373,0.024506855595398596
1904,ITA,true,,1903,23288200.510309096,0.000790903173802938,JST_R6_EQ_TR,0.113599993288517,0.113599993288517,0.10892947573016287,0.00008984659523588054
1904,JPN,true,,1903,147182887.86493504,0.00499855766401223,JST_R6_EQ_TR,0.01382222305983305,0.006063379516007883,0.0018438781625904621,0.000030308152149555967
1904,NLD,true,,1903,445306008.18973213,0.015123278204121822,JST_R6_EQ_TR,0.14784686267375946,0.15124989203958528,0.14642146812863888,0.0022873941956580387
1904,NOR,true,,1903,48882198.56609842,0.0016601147852226016,JST_R6_EQ_TR,0.007477966137230396,0.011796383564832702,0.007552837584768879,0.00001958335076813567
1904,PRT,true,,1903,68931790.52204362,0.0023410298221912713,JST_R6_EQ_TR,0.09825378656387329,0.13344219387668033,0.12868845671810902,0.0003123921554039381
1904,SWE,true,,1903,91670092.60208893,0.0031132575979714054,JST_R6_EQ_TR,0.11454544961452484,0.11808938371334188,0.11340003733231185,0.00036764267108532235
1904,USA,true,,1903,14304513931.274414,0.4858033347379108,JST_R6_EQ_TR,0.30289193987846375,0.30289193987846375,0.29742751843583193,0.14714591445819247
1905,AUS,true,,1904,253066031.21643102,0.007673063514983066,JST_R6_EQ_TR,0.1459999978542328,0.14533093404245045,0.14681097305935253,0.001115133487599537
1905,BEL,true,,1904,746986743.1164718,0.022648937501537274,JST_R6_EQ_TR,0.163978710770607,0.16853440044094192,0.17004442383578788,0.0038171251024459495
1905,CAN,true,,1904,502844452.8579712,0.015246445389726434,KZ_R1_EQ_TR_FALLBACK,0.13277354836463928,0.13277354836463928,0.13423736026307198,0.0020243246543416742
1905,CHE,false,missing_start_market_cap,1904,,,JST_R6_EQ_TR,0.07414871454238892,,,
1905,DEU,true,,1904,2632334734.78679,0.07981344440274181,JST_R6_EQ_TR,0.08828467130661011,0.0868801645370827,0.08828467130661011,0.00693420518198151
1905,DNK,true,,1904,145671559.32962397,0.004416820075337933,JST_R6_EQ_TR,0.09799419343471527,0.09716749340890818,0.09858529384549497,0.00042917133555873195
1905,ESP,true,,1904,113238439.7873203,0.003433434889104466,JST_R6_EQ_TR,-0.05744031071662903,-0.008783099617930001,-0.007502212458443069,-0.00003015620066268097
1905,FIN,false,missing_start_market_cap,1904,,,JST_R6_EQ_TR,0.15066853165626526,,,
1905,FRA,true,,1904,4110339345.333105,0.12462713669343338,JST_R6_EQ_TR,0.05404086410999298,0.053685816128165254,0.05504742793229389,0.006690709545103381
1905,GBR,true,,1904,6702125014.441619,0.2032111171695981,JST_R6_EQ_TR,0.10940000414848328,0.10832082126507037,0.10975303444465134,0.022011995102003308
1905,ITA,true,,1904,14777562.258552536,0.00044806161167286723,JST_R6_EQ_TR,0.13490000367164612,0.13709942228341299,0.13856882423620598,0.00006142898810772503
1905,JPN,true,,1904,163686496.3646272,0.004963040188023787,JST_R6_EQ_TR,0.466028094291687,0.4811029333075396,0.4830168693274166,0.002387733192581447
1905,NLD,true,,1904,500270662.8568182,0.015168407045116742,JST_R6_EQ_TR,0.12083153426647186,0.11788827534926782,0.119332851947068,0.0017881773463444964
1905,NOR,true,,1904,47776956.072020106,0.0014486164608146898,JST_R6_EQ_TR,0.10825368016958237,0.10473824174914914,0.10616582538690311,0.00015172554107460582
1905,PRT,true,,1904,78894614.35384381,0.002392116334291464,JST_R6_EQ_TR,0.07279825955629349,0.21039184036435832,0.211955953492043,0.0005032817579372237
1905,SWE,true,,1904,212501316.05065438,0.006443125089671435,JST_R6_EQ_TR,0.14681892096996307,0.14444224497911828,0.14592113559912612,0.0009306594526334249
1905,USA,true,,1904,16756580352.783203,0.5080662336339465,JST_R6_EQ_TR,0.1963636428117752,0.1963636428117752,0.19790962818345714,0.09976573642602021
1906,AUS,true,,1905,300871990.93942034,0.008119616617933728,JST_R6_EQ_TR,0.10199999809265137,0.10182733309486136,0.11004324361361251,0.0008267989059569094
1906,BEL,true,,1905,930248784.5523483,0.02510457509281655,JST_R6_EQ_TR,0.11540910601615906,0.10460087824468456,0.11283747004269462,0.0026259606026682444
1906,CAN,true,,1905,649943888.1874084,0.017540001575997513,KZ_R1_EQ_TR_FALLBACK,0.004750145133584738,0.004750145133584738,0.012242187705203467,0.00008331755312929322
1906,CHE,false,missing_start_market_cap,1905,,,JST_R6_EQ_TR,0.06805161386728287,,,
1906,DEU,true,,1905,2891831131.768683,0.07804169487645939,JST_R6_EQ_TR,0.05856289342045784,0.05072801125631732,0.05856289342045784,0.0039588999761551134
1906,DNK,true,,1905,156728941.97126895,0.004229635725704079,JST_R6_EQ_TR,0.10399577021598816,0.0985977188901741,0.10678954739487567,0.00041703243429080835
1906,ESP,true,,1905,132519792.3148276,0.003576304675370237,JST_R6_EQ_TR,0.10474343597888947,0.2825617287563136,0.2921253074421306,0.001010526831631901
1906,FIN,true,,1905,2894248.0156000326,0.00007810691919348328,JST_R6_EQ_TR,0.028041446581482887,0.020308858457957824,0.027916916481925957,0.000001586262366487601
1906,FRA,true,,1905,4216969125.799448,0.11380312432621492,JST_R6_EQ_TR,0.028873179107904434,0.025887364154920656,0.03353701899016581,0.002946062921400435
1906,GBR,true,,1905,6736688576.783651,0.18180266081634164,JST_R6_EQ_TR,0.09630001336336136,0.09364038208397418,0.10179524559934605,0.017024070622725394
1906,ITA,true,,1905,19379845.250022504,0.0005230028659488948,JST_R6_EQ_TR,0.05570000037550926,0.05162393859799774,0.059465501354141415,0.00002699946783832259
1906,JPN,true,,1905,275862822.0523172,0.0074446954906383644,JST_R6_EQ_TR,0.8607869744300842,0.8655218013370309,0.8794322932355334,0.006443546251462989
1906,NLD,true,,1905,560603943.3943754,0.015128989177928027,JST_R6_EQ_TR,0.08097179234027863,0.07603452881683426,0.08405811213003256,0.0011503255636187422
1906,NOR,true,,1905,52060428.00016192,0.0014049520362696992,JST_R6_EQ_TR,0.16172580420970917,0.15256422319263296,0.1611584595493103,0.00021434541603639455
1906,PRT,true,,1905,95897216.72601917,0.0025879731513424793,JST_R6_EQ_TR,0.059008460491895676,0.10508807486237837,0.11332829950166556,0.0002719651162701037
1906,SWE,true,,1905,265405583.91402015,0.00716248655420565,JST_R6_EQ_TR,0.13513512909412384,0.12618324697801664,0.13458077035302574,0.000903785809846055
1906,USA,true,,1905,19767044067.382812,0.5334521800976354,JST_R6_EQ_TR,0.07337526232004166,0.07337526232004166,0.08137901648676049,0.0391421936498621
1907,AUS,true,,1906,347344252.96902645,0.009392667896457058,JST_R6_EQ_TR,0.08799999952316284,0.09586200926619148,0.09271641684029563,0.0009004000169244258
1907,BEL,true,,1906,1059801015.9278101,0.028658481877416788,JST_R6_EQ_TR,-0.07092306017875671,-0.07272011422096414,-0.07538180388693339,-0.0020840480755251797
1907,CAN,true,,1906,749706745.1477051,0.02027310490015245,KZ_R1_EQ_TR_FALLBACK,-0.0924530103802681,-0.0924530103802681,-0.09505805819883795,-0.0018743095777740584
1907,CHE,false,missing_start_market_cap,1906,,,JST_R6_EQ_TR,-0.07123715430498123,,,
1907,DEU,true,,1906,3083930441.1765037,0.08339373460809267,JST_R6_EQ_TR,0.025070125237107277,0.02802098492244265,0.0250701252371075,0.0023367745800795484
1907,DNK,true,,1906,171315386.2127572,0.004632604439242571,JST_R6_EQ_TR,0.0023283278569579124,0.0008783211522949141,-0.001994627485068956,0.00000406891446920207
1907,ESP,true,,1906,169233013.83240584,0.004576294216637163,JST_R6_EQ_TR,0.07707184553146362,0.09013857502664613,0.08700941130367257,0.00041250063959035566
1907,FIN,true,,1906,534606.9932192469,0.000014456510794435471,JST_R6_EQ_TR,0.1851632297039032,0.1808589802658498,0.17746941019866336,0.000002614589800483849
1907,FRA,true,,1906,4284664579.9530396,0.1158632425992673,JST_R6_EQ_TR,0.01749630831182003,0.017119054093553077,0.014199487610056183,0.00198346911751132
1907,GBR,true,,1906,6708514626.77461,0.18140749250697205,JST_R6_EQ_TR,-0.0015999986790120602,-0.00014460509108049635,-0.003014617492845151,-0.000026232446976655154
1907,ITA,true,,1906,1737451.6626582644,0.00004698309044701958,JST_R6_EQ_TR,0.05909999832510948,0.0611485476448872,0.05810259769316173,0.000002872947744703621
1907,JPN,true,,1906,500485920.91662776,0.013533829916113644,JST_R6_EQ_TR,-0.12072458863258362,-0.12072458863258362,-0.12324848493602969,-0.0016338660492461734
1907,NLD,true,,1906,601478409.6687226,0.016264806170295947,JST_R6_EQ_TR,-0.03362658619880676,-0.030216178173673724,-0.03299987230568946,-0.0004914602812019301
1907,NOR,true,,1906,60444972.588444926,0.0016345154660852854,JST_R6_EQ_TR,0.06240817531943321,0.0581650577805517,0.055127671720119675,0.00009507168652805601
1907,PRT,true,,1906,115972080.21040635,0.00313604507737389,JST_R6_EQ_TR,0.020625321194529533,0.00890182781532678,0.006005848283949788,0.000027916533299885516
1907,SWE,true,,1906,329268903.3977075,0.008903885502090206,JST_R6_EQ_TR,-0.1077694222331047,-0.11084884949730622,-0.11340109339375337,-0.000986985463962444
1907,USA,true,,1906,18795928955.078125,0.5082678552225616,JST_R6_EQ_TR,-0.28760161995887756,-0.28760161995887756,-0.2896465078457917,-0.14617865853503295
1908,AUS,true,,1907,298878576.7457532,0.009531149286232235,JST_R6_EQ_TR,0.17299999296665192,0.16498740407973744,0.16324129491653205,0.0015725195786318988
1908,BEL,true,,1907,987070085.8317214,0.03147737267244558,JST_R6_EQ_TR,0.023607909679412842,0.03562678924512008,0.034074568663138294,0.0011214377221913212
1908,CAN,true,,1907,682399690.1512146,0.021761523995888956,KZ_R1_EQ_TR_FALLBACK,0.25829988718032837,0.25829988718032837,0.2564139191815571,0.005620999193010126
1908,CHE,false,missing_start_market_cap,1907,,,JST_R6_EQ_TR,0.09107472747564316,,,
1908,DEU,true,,1907,2973853916.421122,0.09483532055550334,JST_R6_EQ_TR,0.020598167553544044,0.02213015908453908,0.020598167553543822,0.002098720730726548
1908,DNK,true,,1907,182890098.70435372,0.005832311076640968,JST_R6_EQ_TR,-0.05052150785923004,-0.045426806132558895,-0.046857541773927425,-0.0002649432645833451
1908,ESP,true,,1907,177282429.23729962,0.005653484158297452,JST_R6_EQ_TR,0.04249191656708717,0.028235616853349077,0.026694474325769546,0.00015962961258016555
1908,FIN,true,,1907,3517295.340973823,0.00011216550662012933,JST_R6_EQ_TR,-0.02783898636698723,-0.01913421814379057,-0.02060436170377755,-0.00000214619927187834
1908,FRA,true,,1907,4360848505.273036,0.1390661671738257,JST_R6_EQ_TR,0.06305345892906189,0.066510298020094,0.06491178854479451,0.00924933222324336
1908,GBR,true,,1907,6315999522.269409,0.20141535400086713,JST_R6_EQ_TR,0.04568224027752876,0.047208783693992507,0.04563920375982855,0.009508573879675864
1908,ITA,true,,1907,1431334.62325632,0.000045644837182204636,JST_R6_EQ_TR,-0.03350000083446503,-0.03162693882057832,-0.03307835801155434,-0.0000014436064730368446
1908,JPN,true,,1907,267639895.67794585,0.008534956999705298,JST_R6_EQ_TR,-0.3409651517868042,-0.3409651517868042,-0.3419529279492819,-0.002910122908898364
1908,NLD,true,,1907,533538733.44030696,0.01701439217817437,JST_R6_EQ_TR,0.11794853955507278,0.12032208669508293,0.11864292290801592,0.0020472071707264374
1908,NOR,true,,1907,82226036.65312992,0.0026221639539687103,JST_R6_EQ_TR,0.037951331585645676,0.04917589230790265,0.04760336402737564,0.0001289472522140295
1908,PRT,true,,1907,116141065.73457476,0.003703704185930992,JST_R6_EQ_TR,-0.002140421885997057,-0.10774643218553559,-0.10908376177829138,-0.00039906091190469793
1908,SWE,true,,1907,311661439.38767636,0.009938790989669587,JST_R6_EQ_TR,0.06671348214149475,0.07825456668120712,0.0766384546335086,0.0007777557822316792
1908,USA,true,,1907,14062705039.978027,0.4484554984290473,JST_R6_EQ_TR,0.43531203269958496,0.43531203269958496,0.4331607549402039,0.1952180745964541
1909,AUS,true,,1908,315811248.19334835,0.008579843818206182,JST_R6_EQ_TR,0.13500000536441803,0.13842469194662832,0.1359834667315889,0.001187662237485374
1909,BEL,true,,1908,1005389057.9134051,0.02731404008811409,JST_R6_EQ_TR,0.1726027876138687,0.1680312367849648,0.1655265236253114,0.004589611937599919
1909,CAN,true,,1908,847720861.4349365,0.0230305685252035,KZ_R1_EQ_TR_FALLBACK,0.13941220939159393,0.13975413563228356,0.137310059573029,0.0032186171973598906
1909,CHE,false,missing_start_market_cap,1908,,,JST_R6_EQ_TR,0.11583172529935837,,,
1909,DEU,true,,1908,3145103674.2262926,0.08544501967962634,JST_R6_EQ_TR,0.14028215408325195,0.1427326171650929,0.14028215408325195,0.012195791282595934
1909,DNK,true,,1908,180432566.37946975,0.004901925590396296,JST_R6_EQ_TR,0.113736592233181,0.11554870335459588,0.1131565331544071,0.0005664111459110038
1909,ESP,true,,1908,189087644.397703,0.005137063566182918,JST_R6_EQ_TR,0.048455577343702316,0.07604651358958914,0.07373905144465054,0.0003906557742963125
1909,FIN,false,missing_start_market_cap,1908,,,JST_R6_EQ_TR,0.09067989140748978,,,
1909,FRA,true,,1908,4451001371.949978,0.12092316795053468,JST_R6_EQ_TR,0.09491437673568726,0.09438284676938591,0.09203606439604184,0.011413072831544031
1909,GBR,true,,1908,6238877628.261446,0.16949553240298817,JST_R6_EQ_TR,0.11060185730457306,0.11222554423045694,0.10984050017563818,0.0190217283685564
1909,ITA,false,missing_start_market_cap,1908,,,JST_R6_EQ_TR,-0.0018000000854954123,,,
1909,JPN,true,,1908,286796456.7743762,0.007791580638168337,JST_R6_EQ_TR,0.3388136923313141,0.34221169662657136,0.33933347283108883,0.00266637002959033
1909,NLD,true,,1908,614322480.835186,0.01668968717780417,JST_R6_EQ_TR,0.13124535977840424,0.13196209497190314,0.12953472807775301,0.002202406084408748
1909,NOR,true,,1908,103772127.361547,0.0028192429830744266,JST_R6_EQ_TR,0.07810041308403015,0.07908368015763156,0.07676970514657144,0.00022295611036010504
1909,PRT,true,,1908,97544410.66968651,0.002650050666885975,JST_R6_EQ_TR,0.08651522547006607,0.09104168293461479,0.08870206531574132,0.00024126507257529742
1909,SWE,true,,1908,335778240.9801614,0.009122299733282465,JST_R6_EQ_TR,0.0717577338218689,0.07155735672840091,0.06925952108137778,0.0006527676561978898
1909,USA,true,,1908,18996870040.893555,0.5160999771795326,JST_R6_EQ_TR,0.18936876952648163,0.18936876952648163,0.18681830039954828,0.09773321763113334
1910,AUS,true,,1909,360274503.70512086,0.00886344286191189,JST_R6_EQ_TR,0.06700000166893005,0.06595657623230955,0.06959630379680881,0.0005846023448024115
1910,BEL,true,,1909,1154017802.7534113,0.02839104835657728,JST_R6_EQ_TR,0.0881141945719719,0.07969551608398762,0.08338215550137096,0.002262639250942875
1910,CAN,true,,1909,1000925649.6278718,0.02462468815656183,KZ_R1_EQ_TR_FALLBACK,0.0695677101612091,0.06935377522568342,0.07300510258617243,0.001707815087412738
1910,CHE,false,missing_start_market_cap,1909,,,JST_R6_EQ_TR,0.06308232992887497,,,
1910,DEU,true,,1909,3629417202.8114634,0.08929061498476014,JST_R6_EQ_TR,0.07810017466545105,0.07443150929227049,0.07810017466545105,0.006646035238950721
1910,DNK,true,,1909,194629519.7367996,0.004788258979437616,JST_R6_EQ_TR,0.056907858699560165,0.05467777929529172,0.05827899520835844,0.00026181136768638875
1910,ESP,true,,1909,195012806.67489034,0.004797688572263494,JST_R6_EQ_TR,0.02423804998397827,0.05381893229398482,0.05741721565879021,0.0002582064764382737
1910,FIN,true,,1909,1741173.3734466091,0.00004283620003500968,JST_R6_EQ_TR,0.04567369818687439,0.04528673157672092,0.04885588159141707,0.0000019399114927522068
1910,FRA,true,,1909,4522803626.604638,0.11126963220486227,JST_R6_EQ_TR,0.03348471596837044,0.030165794444736438,0.03368331375241573,0.003356536853033301
1910,GBR,true,,1909,6292775476.652744,0.15481432992494934,JST_R6_EQ_TR,0.014817390590906143,0.012843037690923653,0.01630140813958203,0.001988286274321214
1910,ITA,false,missing_start_market_cap,1909,,,JST_R6_EQ_TR,0.03790000081062317,,,
1910,JPN,true,,1909,282817151.6069277,0.006957843638273107,JST_R6_EQ_TR,0.33671119809150696,0.3333271191089966,0.3378797881164606,0.0023192379751564344
1910,NLD,true,,1909,735151789.3883289,0.01808614213069311,JST_R6_EQ_TR,-0.01444324105978012,-0.015220215259858061,-0.011857667284264739,-0.00027527497644953705
1910,NOR,true,,1909,107754804.22057213,0.0026509745776716422,JST_R6_EQ_TR,0.08569956570863724,0.08537540761508855,0.08908144112246585,0.00022632803514595367
1910,PRT,true,,1909,96480007.75565177,0.0023735929888587357,JST_R6_EQ_TR,-0.052463382482528687,0.0017199264785434654,0.005140316867426886,0.000004082405430823264
1910,SWE,true,,1909,347995324.01456213,0.008561351521949914,JST_R6_EQ_TR,0.15540540218353271,0.1563307775733691,0.1602790894452173,0.001338402740505377
1910,USA,true,,1909,21725444793.70117,0.5344875549011948,JST_R6_EQ_TR,-0.0757281556725502,-0.0757281556725502,-0.07257221312864304,-0.0404757567625984
1911,AUS,true,,1910,379830494.6009336,0.009392877242563625,JST_R6_EQ_TR,0.10700000077486038,0.10514211752725289,0.10398498326336902,0.0009875870029566836
1911,BEL,true,,1910,1255424455.2405705,0.031045553116466406,JST_R6_EQ_TR,0.00031368143390864134,-0.0016174260592070056,-0.002662778205731242,-0.000050213886633068026
1911,CAN,true,,1910,1097282107.704484,0.027134830627431047,KZ_R1_EQ_TR_FALLBACK,0.11215101927518845,0.11215101927518845,0.11098654637110972,0.0030431989127259933
1911,CHE,false,missing_start_market_cap,1910,,,JST_R6_EQ_TR,0.037536170333623886,,,
1911,DEU,true,,1910,3831235229.651218,0.09474310965291963,JST_R6_EQ_TR,0.05248943716287613,0.053592596724446384,0.05248943716287613,0.005077529268048925
1911,DNK,true,,1910,197586036.28060964,0.004886130550361364,JST_R6_EQ_TR,0.1311631202697754,0.13098598171423892,0.12980178774437912,0.0006400146069230178
1911,ESP,true,,1910,202049260.87968186,0.004996502206563221,JST_R6_EQ_TR,0.021169040352106094,0.008427180668568068,0.007371311360108157,0.000042106426805607275
1911,FIN,true,,1910,876670.6293796274,0.00002167930095390396,JST_R6_EQ_TR,0.09009762853384018,0.08870840265542634,0.08756847524146649,0.0000019231361583070807
1911,FRA,true,,1910,4580114151.042988,0.11326223299388967,JST_R6_EQ_TR,0.07698795199394226,0.07522848501440538,0.07410267168978257,0.008520546197478919
1911,GBR,true,,1910,6478752955.388466,0.1602139166282479,JST_R6_EQ_TR,0.016035713255405426,0.015541772704479095,0.014478454093266313,0.0024900082763305927
1911,ITA,false,missing_start_market_cap,1910,,,JST_R6_EQ_TR,0.0005999999702908099,,,
1911,JPN,true,,1910,301409828.46439403,0.0074536024850840234,JST_R6_EQ_TR,-0.113685242831707,-0.113685242831707,-0.11461325485644103,-0.0008473646084877919
1911,NLD,true,,1910,767542645.9276139,0.01898066098985838,JST_R6_EQ_TR,0.15398892760276794,0.1527596553373629,0.15155266333691464,0.0028994792308860953
1911,NOR,true,,1910,121043071.36643906,0.0029932897083535946,JST_R6_EQ_TR,0.0939556285738945,0.09162245047676953,0.0904794719216695,0.00027425253806625117
1911,PRT,true,,1910,94466720.48929685,0.0023360797031206936,JST_R6_EQ_TR,0.0064390613697469234,0.007184332861622789,0.006129764871571908,0.000016783174178500008
1911,SWE,true,,1910,513057613.5298528,0.012687467833017725,JST_R6_EQ_TR,0.1488569974899292,0.14703592636976426,0.14583492737492176,0.0018655135861143468
1911,USA,true,,1910,20617469787.597656,0.5098520669611689,JST_R6_EQ_TR,0.058563537895679474,0.058563537895679474,0.0574551735317026,0.029858740844670925
1912,AUS,true,,1911,383972877.3942444,0.009377293869858439,JST_R6_EQ_TR,0.0860000029206276,0.0872878705945932,0.08809079405604847,0.0008185240138396754
1912,BEL,true,,1911,1330297003.197394,0.032488195566911585,JST_R6_EQ_TR,0.0775059312582016,0.07130148251775115,0.07209260059960276,0.0023164565082474265
1912,CAN,true,,1911,1221576778.039132,0.029833056204400247,KZ_R1_EQ_TR_FALLBACK,0.1319989114999771,0.13165937973288044,0.1324950699773293,0.003927801675407497
1912,CHE,false,missing_start_market_cap,1911,,,JST_R6_EQ_TR,0.007718436885625124,,,
1912,DEU,true,,1911,4073465360.1201496,0.09948119776000604,JST_R6_EQ_TR,0.05938301980495453,0.058601280371154196,0.05938301980495453,0.005829725561592351
1912,DNK,true,,1911,217897155.8891476,0.005321432279397557,JST_R6_EQ_TR,0.07642561197280884,0.07611315546320063,0.07690782679456531,0.00040503100236868037
1912,ESP,true,,1911,194259518.43805704,0.004744159545259981,JST_R6_EQ_TR,0.05338047072291374,0.07055515231078746,0.07134571925429811,0.00033472489930249413
1912,FIN,true,,1911,1727149.054276468,0.00004218002153930598,JST_R6_EQ_TR,-0.18561998009681702,-0.18482739613584054,-0.1842254201307002,-0.000007796023550063593
1912,FRA,true,,1911,4796211464.906588,0.11713193044683388,JST_R6_EQ_TR,0.06303086131811142,0.06482425340018683,0.06561058827846877,0.007592989940538618
1912,GBR,true,,1911,6559108378.067721,0.16018497765465747,JST_R6_EQ_TR,0.03442201763391495,0.03542875439073634,0.03619338173741227,0.005675154230412449
1912,ITA,false,missing_start_market_cap,1911,,,JST_R6_EQ_TR,-0.00139999995008111,,,
1912,JPN,true,,1911,394160582.49558645,0.00962609556971562,JST_R6_EQ_TR,0.09653174132108688,0.09653174132108688,0.097341491052642,0.0009292237674678487
1912,NLD,true,,1911,778831727.5392832,0.019020442365273303,JST_R6_EQ_TR,0.04107831418514252,0.04243664964885285,0.04320645207718865,0.0008071638488213013
1912,NOR,true,,1911,128778482.05810739,0.0031449973200405714,JST_R6_EQ_TR,0.009023708291351795,0.010005726498934608,0.010751579842784187,0.000031467983024208274
1912,PRT,true,,1911,92660351.82792932,0.0022629289731910434,JST_R6_EQ_TR,0.0732337012887001,0.05592001878773378,0.05669977820511907,0.00012654303069615025
1912,SWE,true,,1911,580770362.8955206,0.014183435040345015,JST_R6_EQ_TR,0.12262841314077377,0.12248681542207907,0.1233157320536824,0.0017372837898377883
1912,USA,true,,1911,20193370819.091797,0.4931576773825698,JST_R6_EQ_TR,0.08232710510492325,0.08232710510492325,0.08312636521731864,0.040600243939174656
1913,AUS,true,,1912,408646779.7436875,0.009921258672628332,JST_R6_EQ_TR,0.08899999409914017,0.08982966162732375,0.09234605003907936,0.0008912233094793543
1913,BEL,true,,1912,1439869335.56262,0.0349576133742258,JST_R6_EQ_TR,-0.039487529546022415,-0.046805719797100354,-0.044604818935884416,-0.0016362162563693806
1913,CAN,true,,1912,1496155484.6318333,0.03632414670394406,KZ_R1_EQ_TR_FALLBACK,-0.061000000685453415,-0.06109387252383336,-0.05892596263654015,-0.0022191827882677797
1913,CHE,false,missing_start_market_cap,1912,,,JST_R6_EQ_TR,0.046336449682712555,,,
1913,DEU,true,,1912,4022851820.1037993,0.09766809745555083,JST_R6_EQ_TR,0.040864042937755585,0.038466251307742505,0.040864042937755585,0.0037569255814743044
1913,DNK,true,,1912,228126409.88585693,0.005538526753973731,JST_R6_EQ_TR,0.0367041751742363,0.03856681446802179,0.04096483829576281,0.00021360333374667985
1913,ESP,true,,1912,201701996.29189312,0.004896986295236563,JST_R6_EQ_TR,0.027530286461114883,0.023820790842121742,0.02618476648391388,0.0001166500862955668
1913,FIN,true,,1912,53315123.42458259,0.0012944018083053568,JST_R6_EQ_TR,0.055490054190158844,0.05351138987903492,0.055943920343644926,0.00006926523982435578
1913,FRA,true,,1912,5022660615.545742,0.12194177872368686,JST_R6_EQ_TR,0.002376275137066841,0.0029612846703279683,0.005277096253594404,0.0003611043200069791
1913,GBR,true,,1912,6697567129.947264,0.16260570073543124,JST_R6_EQ_TR,-0.037962961941957474,-0.037494589479417195,-0.035272189459886194,-0.006096833996087961
1913,ITA,false,missing_start_market_cap,1912,,,JST_R6_EQ_TR,-0.04877600818872452,,,
1913,JPN,true,,1912,380713080.12642545,0.009243075279723137,JST_R6_EQ_TR,0.0002897811646107584,-0.0022490253865685705,0.0000547557259642506,-0.000020787910954061725
1913,NLD,true,,1912,825992446.9179249,0.020053711747465564,JST_R6_EQ_TR,0.010376780293881893,0.0061321843996160474,0.008455317508084592,0.0001229730583322054
1913,NOR,true,,1912,142092977.91083112,0.00344977926976848,JST_R6_EQ_TR,0.03615977615118027,0.03609526514167438,0.03848758222614812,0.00012452069742254512
1913,PRT,true,,1912,94784652.59503004,0.002301212448511976,JST_R6_EQ_TR,0.05820218473672867,0.00593318559722289,0.008255859222619844,0.000013653520555661276
1913,SWE,true,,1912,550092394.8525316,0.013355321058936774,JST_R6_EQ_TR,0.0008244022610597312,0.00021312682723761966,0.002522592985348515,0.0000028463772040309615
1913,USA,true,,1912,19624435424.804688,0.4764483896726112,JST_R6_EQ_TR,-0.09168443828821182,-0.09168443828821182,-0.08958716122355947,-0.04368290298045642
1914,AUS,true,,1913,434423861.73221314,0.010493249516447643,JST_R6_EQ_TR,0.11399999260902405,0.12536541833934223,0.1438867624129918,0.0013154906153685594
1914,BEL,true,,1913,1393606677.827381,0.03366173888312917,JST_R6_EQ_TR,-0.012594593688845634,-0.008818664792818343,0.007494268099541124,-0.00029685159155369545
1914,CAN,true,,1913,1371536185.2854667,0.03312863928710385,KZ_R1_EQ_TR_FALLBACK,-0.028556110337376595,-0.02865321588412406,-0.012666721443952533,-0.0009492420534406604
1914,CHE,false,missing_start_market_cap,1913,,,JST_R6_EQ_TR,0.06035903841257095,,,
1914,DEU,true,,1913,4084831525.576398,0.09866667143838029,JST_R6_EQ_TR,-0.08573048561811447,-0.10053396163369033,-0.08573048561811447,-0.009919351360910053
1914,DNK,true,,1913,212090746.4800382,0.005122925600980299,JST_R6_EQ_TR,0.0031264189165085554,-0.001707860912659398,0.014722102095570344,-0.000008749244392376408
1914,ESP,true,,1913,196303164.48555955,0.0047415859653790705,JST_R6_EQ_TR,-0.07236882299184799,-0.051830863353291234,-0.036225828283203865,-0.0002457604942494461
1914,FIN,true,,1913,56795048.188212946,0.0013718505460571353,JST_R6_EQ_TR,0.026466386392712593,-0.08871385153575706,-0.07371583930772552,-0.00012170214567215994
1914,FRA,true,,1913,5304166633.221838,0.1281189843883883,JST_R6_EQ_TR,-0.11047793179750443,-0.09493966603302506,-0.08004411870267347,-0.012163573590323938
1914,GBR,true,,1913,6628475263.497149,0.16010687022609071,JST_R6_EQ_TR,-0.000639998004771769,0.01217230971311567,0.02883071355644784,0.0019488704115895941
1914,ITA,true,,1913,792491309.1862454,0.019142155345125925,JST_R6_EQ_TR,-0.16070590913295746,-0.14955840340248083,-0.13556177513539736,-0.002862870191099298
1914,JPN,true,,1913,415257786.0530484,0.010030304379063442,JST_R6_EQ_TR,-0.03165173903107643,-0.03411572951700248,-0.01821913751461046,-0.00034219115116933393
1914,NLD,true,,1913,804909846.727683,0.019442117719503972,JST_R6_EQ_TR,0.005688557401299477,0.01806462891834082,0.034820008970123384,0.0003512146419895379
1914,NOR,true,,1913,148410155.82309178,0.0035847588795353243,JST_R6_EQ_TR,0.021543974056839943,-0.024772198536926693,-0.008721830037296874,-0.00008880235867085993
1914,PRT,true,,1913,90636740.72578728,0.0021892764637765623,JST_R6_EQ_TR,0.058386705815792084,-0.009060844821065173,0.007248102255169364,-0.00001983669430868974
1914,SWE,true,,1913,550315445.5532025,0.013292541666379228,JST_R6_EQ_TR,-0.23599670827388763,-0.2649118660592489,-0.2528137332827285,-0.003521352017510839
1914,USA,true,,1913,18916067123.413086,0.45690632969465894,JST_R6_EQ_TR,-0.033582087606191635,-0.033582087606191635,-0.017676712887287116,-0.015343868391629515
1915,AUS,true,,1914,436634140.53436005,0.011357014830883293,JST_R6_EQ_TR,-0.03500000014901161,-0.07474900346039315,0.05063547737908625,-0.0008489255408934315
1915,BEL,true,,1914,1360539032.6242828,0.03538812139746926,JST_R6_EQ_TR,0.011960053816437721,-0.12664173573267812,-0.008289447584302834,-0.004481613118094234
1915,CAN,true,,1914,1208057455.0422752,0.03142201939748361,KZ_R1_EQ_TR_FALLBACK,0.10174195468425751,0.10218265146613126,0.2515438518984572,0.0032107852564550836
1915,CHE,false,missing_start_market_cap,1914,,,JST_R6_EQ_TR,-0.01672138273715973,,,
1915,DEU,true,,1914,3792351946.4931026,0.09864047105327531,JST_R6_EQ_TR,0.09815901517868042,-0.03289699897844589,0.09815901517868042,-0.0032449754754730192
1915,DNK,true,,1914,188491730.2839837,0.00490273933621917,JST_R6_EQ_TR,0.4419366121292114,0.3970399917025389,0.5863584952510137,0.0019465835853721704
1915,ESP,true,,1914,170115318.1575761,0.0044247620878010265,JST_R6_EQ_TR,0.12925145030021667,0.17027588157307338,0.32886466926288227,0.0007534302652514325
1915,FIN,true,,1914,50141009.831683114,0.0013041861353236949,JST_R6_EQ_TR,0.2553213834762573,0.023986058051136183,0.1627505238618041,0.0000312822843513611
1915,FRA,true,,1914,5303771619.82483,0.13795305349291262,JST_R6_EQ_TR,-0.09544692188501358,-0.1724370743408411,-0.060290696564600066,-0.023788220940703403
1915,GBR,true,,1914,6322599727.021166,0.1644531478496868,JST_R6_EQ_TR,0.026000000536441803,-0.010119885305469034,0.12402274705967753,-0.001664246994362172
1915,ITA,false,missing_start_market_cap,1914,,,JST_R6_EQ_TR,0.21826882660388947,,,
1915,JPN,true,,1914,305958613.6642655,0.007958096242243144,JST_R6_EQ_TR,0.327100932598114,0.30001724009611164,0.47618780066988364,0.002387566071017025
1915,NLD,false,missing_start_market_cap,1914,,,JST_R6_EQ_TR,0.06257780641317368,,,
1915,NOR,true,,1914,140459716.7936365,0.003653408972589182,JST_R6_EQ_TR,0.18114539980888367,0.2548066204011925,0.42485050821256887,0.0009309127932488424
1915,PRT,true,,1914,87438638.60337067,0.0022743111983763433,JST_R6_EQ_TR,0.1238078847527504,-0.08981947534983636,0.03352274528032595,-0.00020427743862042077
1915,SWE,true,,1914,444573210.6011057,0.011563512967701242,JST_R6_EQ_TR,0.18652290105819702,0.28559657227515123,0.45981293020028824,0.003302499667034736
1915,USA,true,,1914,18635074615.478516,0.4847051550380353,JST_R6_EQ_TR,0.3482993245124817,0.3482993245124817,0.5310127843763224,0.1688224780874654
1916,AUS,true,,1915,437125021.578186,0.010359445229633753,JST_R6_EQ_TR,-0.03400000184774399,-0.030933087934712833,0.1006685914815606,-0.0003204496302431023
1916,BEL,true,,1915,1174194577.660891,0.027827289255358344,JST_R6_EQ_TR,0.01129187736660242,-0.06721023183537134,0.059464921865997944,-0.001870278562202572
1916,CAN,true,,1915,1360151290.8935547,0.03223428563104379,KZ_R1_EQ_TR_FALLBACK,0.05255956947803497,0.05223011833278823,0.19512556650143842,0.0016836005528823126
1916,CHE,false,missing_start_market_cap,1915,,,JST_R6_EQ_TR,0.08325892686843872,,,
1916,DEU,true,,1915,3615336482.40529,0.08568001927905054,JST_R6_EQ_TR,0.1535072773694992,0.015587928988363586,0.15350727736949943,0.001335574056243463
1916,DNK,true,,1915,239871416.37114513,0.00568472331114792,JST_R6_EQ_TR,0.6746337413787842,0.8382323937292531,1.0878688916431023,0.004765119228792006
1916,ESP,true,,1915,198855059.8261233,0.004712674862369558,JST_R6_EQ_TR,0.09042031317949295,0.09882432330033697,0.24804737955099987,0.0004657269042081802
1916,FIN,true,,1915,66410109.54331537,0.001573856124785801,JST_R6_EQ_TR,0.896595299243927,0.8489999370162491,1.1000986938949988,0.001336203750815783
1916,FRA,true,,1915,4639523764.404965,0.10995227899654957,JST_R6_EQ_TR,0.15625160932540894,0.09379398884545642,0.2423339132565676,0.010312862829734882
1916,GBR,true,,1915,5689160127.3947735,0.13482765761058296,JST_R6_EQ_TR,-0.024708330631256104,-0.022848861290228784,0.1098506760654192,-0.0030806584468306693
1916,ITA,true,,1915,25344353.076840237,0.0006006369450829178,JST_R6_EQ_TR,0.16123229265213013,0.07258860619013552,0.21824878727768482,0.00004359939866986998
1916,JPN,true,,1915,500293614.1562512,0.01185648050041948,JST_R6_EQ_TR,0.9550908803939819,1.0675664978785764,1.3483471333929509,0.012657581364998454
1916,NLD,true,,1915,822454118.2497926,0.0194913765428811,JST_R6_EQ_TR,0.21933425962924957,0.25915445853246677,0.43015074302453016,0.005051277134022775
1916,NOR,true,,1915,199839869.55348068,0.0047360139116770904,JST_R6_EQ_TR,0.3269088864326477,0.3451356568506785,0.5278084003736101,0.0016345672722606237
1916,PRT,true,,1915,75298331.92689595,0.0017844985003676768,JST_R6_EQ_TR,0.13214808702468872,0.08817298448506761,0.23594956262501499,0.00015734455858654558
1916,SWE,true,,1915,594290520.2994496,0.014084117338571327,JST_R6_EQ_TR,0.32621535658836365,0.36873053108270026,0.5546075167852891,0.0051932440660824725
1916,USA,true,,1915,22557645797.729492,0.5345946459604781,JST_R6_EQ_TR,0.09282700717449188,0.09282700717449188,0.2412356130870772,0.04962482103601825
1917,AUS,true,,1916,436854924.9621002,0.009737016293596506,JST_R6_EQ_TR,0.1550000011920929,0.15883104372132517,0.381360193421435,0.0015465404606434822
1917,BEL,true,,1916,1089336814.4739344,0.024280120712081764,JST_R6_EQ_TR,0.08238741010427475,-0.040312377275966926,0.14397546331959044,-0.0009787893864514588
1917,CAN,true,,1916,1290288223.535657,0.02875910682955525,KZ_R1_EQ_TR_FALLBACK,-0.07755033671855927,-0.07963388020736073,0.09710309207166068,-0.0022901992681354927
1917,CHE,false,missing_start_market_cap,1916,,,JST_R6_EQ_TR,-0.0221231859177351,,,
1917,DEU,true,,1916,3517224127.6878095,0.07839506134101182,JST_R6_EQ_TR,0.23372343182563782,0.034977711805094236,0.23372343182563782,0.002742079862528596
1917,DNK,true,,1916,405454946.1752535,0.00903714526640679,JST_R6_EQ_TR,0.055031534284353256,0.11907366592334756,0.33396824669848346,0.001076086016352884
1917,ESP,true,,1916,215693608.6900891,0.004807573549553625,JST_R6_EQ_TR,0.15157994627952576,0.3491421943997155,0.6082166012953132,0.001678526778829182
1917,FIN,true,,1916,168803984.06455258,0.003762455335494157,JST_R6_EQ_TR,0.11540393531322479,0.2885002278074944,0.5359296193792236,0.001085469221405587
1917,FRA,true,,1916,4630500783.899229,0.10320877482209861,JST_R6_EQ_TR,0.04952055588364601,0.07191663991794317,0.27775570482972234,0.007422428295252945
1917,GBR,true,,1916,6662272520.58351,0.14849473447261657,JST_R6_EQ_TR,0.09510112553834915,0.09457940037134649,0.3047703721817865,0.01404454294472239
1917,ITA,true,,1916,16061421.341568459,0.00035799143460437934,JST_R6_EQ_TR,0.21630734205245972,0.06096858309276998,0.26470530375913537,0.000021826230527177033
1917,JPN,true,,1916,919582174.2837316,0.020496476296057345,JST_R6_EQ_TR,-0.06729060411453247,-0.0577243539003226,0.12321988248838367,-0.0011831458514231876
1917,NLD,true,,1916,1047338065.8059795,0.023344014749384835,JST_R6_EQ_TR,0.15254339575767517,0.15689717983398954,0.37905497161370505,0.003662610080181537
1917,NOR,true,,1916,319183919.71797734,0.007114258874882946,JST_R6_EQ_TR,0.22470133006572723,0.4568342619082506,0.7365886672746904,0.003250037202131372
1917,PRT,true,,1916,79657498.34436154,0.001775478116341427,JST_R6_EQ_TR,0.1406763643026352,0.03771870796691901,0.2369907786996972,0.00006696874057193773
1917,SWE,true,,1916,985437917.5346597,0.02196432845571155,JST_R6_EQ_TR,0.0051387459971010685,0.1812034849759958,0.40802879187356034,0.0039800128613323655
1917,USA,true,,1916,23081687927.246094,0.5144654634506023,JST_R6_EQ_TR,-0.23571428656578064,-0.23571428656578064,-0.0889492763773253,-0.12126685967999241
1918,AUS,true,,1917,471574288.857966,0.012357213299697675,JST_R6_EQ_TR,0.07500000298023224,0.07517969062162799,-0.01795897558723647,0.000929011472816738
1918,BEL,true,,1917,1031212308.114035,0.02702206364876,JST_R6_EQ_TR,0.21018804609775543,0.14235584988335903,0.04339797230987652,0.0038467488363214514
1918,CAN,true,,1917,1165077433.1724644,0.03052988827538197,KZ_R1_EQ_TR_FALLBACK,0.18329598009586334,0.16863392894434792,0.06739968281998943,0.005148375010109643
1918,CHE,false,missing_start_market_cap,1917,,,JST_R6_EQ_TR,0.050554729998111725,,,
1918,DEU,true,,1917,3471258920.7150717,0.09096146230880306,JST_R6_EQ_TR,-0.26594823598861694,-0.1963293498843759,-0.26594823598861694,-0.017858404759619466
1918,DNK,true,,1917,485574088.45495546,0.012724066442162204,JST_R6_EQ_TR,0.24182665348052979,0.2504272372896039,0.14210755260038277,0.0031864528062000405
1918,ESP,true,,1917,295954678.0209509,0.007755246988136256,JST_R6_EQ_TR,0.1326514482498169,0.20327240185771922,0.09903755853569796,0.0015764276822782996
1918,FIN,true,,1917,256633885.91104326,0.006724878228228004,JST_R6_EQ_TR,0.33963173627853394,-0.029482946401537258,-0.11355509238195127,-0.0001982692243597111
1918,FRA,true,,1917,222958963.6720029,0.0058424548078029595,JST_R6_EQ_TR,0.10341951996088028,0.13249823950400907,0.03439428866551575,0.0007741149764156259
1918,GBR,true,,1917,7196272367.974472,0.18857235162064723,JST_R6_EQ_TR,0.20774193108081818,0.20774193108081818,0.10311990969539764,0.03917438447412431
1918,ITA,true,,1917,21313337.83266944,0.000558498348933816,JST_R6_EQ_TR,0.2091558426618576,0.1548653297567908,0.05482380423074651,0.00008649203097625862
1918,JPN,true,,1917,1025103529.871521,0.02686198817915348,JST_R6_EQ_TR,0.19255919754505157,0.23041821968933895,0.12383183895637173,0.006189491493556612
1918,NLD,true,,1917,1172691090.6348374,0.03072939785738489,JST_R6_EQ_TR,-0.03686181828379631,0.07954305510860715,-0.013973592522381617,0.002444310187224281
1918,NOR,true,,1917,570682061.8872548,0.014954250330590202,JST_R6_EQ_TR,-0.052890270948410034,-0.18819166081292282,-0.25851548350846,-0.00281426520592597
1918,PRT,true,,1917,83173033.8477947,0.002179480400700416,JST_R6_EQ_TR,0.4366128444671631,0.4047931700231999,0.2831013604619197,0.0008822387804029554
1918,SWE,true,,1917,1561383127.7435422,0.04091475046021294,JST_R6_EQ_TR,-0.19870483875274658,-0.3173255877326322,-0.376463036819623,-0.012983297236721054
1918,USA,true,,1917,19131000518.79883,0.5013120088034048,JST_R6_EQ_TR,0.24558822810649872,0.24558822810649872,0.13768772810335217,0.12311632797053766
1919,AUS,true,,1918,505647353.5623673,0.012051637483166759,JST_R6_EQ_TR,0.18700000643730164,0.10152061421865222,2.621638492006751,0.0012234896396316212
1919,BEL,true,,1918,1166403264.3312101,0.027800144115988648,JST_R6_EQ_TR,0.2525513470172882,0.12243471165362019,2.690400982075797,0.003403702628770156
1919,CAN,true,,1918,1311001904.1705132,0.031246519095754727,KZ_R1_EQ_TR_FALLBACK,0.13695037364959717,0.07113889801284046,2.5217478576928007,0.0022228429352091675
1919,CHE,false,missing_start_market_cap,1918,,,JST_R6_EQ_TR,-0.06939145922660828,,,
1919,DEU,true,,1918,2798172178.804041,0.06669184853208134,JST_R6_EQ_TR,0.590096652507782,-0.5163724250216717,0.590096652507782,-0.03443783155568885
1919,DNK,true,,1918,656767798.5733149,0.01565345366342714,JST_R6_EQ_TR,-0.0395403727889061,-0.26052257314453453,1.4312935032718803,-0.004078078026994779
1919,ESP,true,,1918,376801137.21522784,0.00898070696300559,JST_R6_EQ_TR,0.021468309685587883,0.049143559455394614,2.449430405131215,0.0004413439065879416
1919,FIN,true,,1918,295980337.92735445,0.007054417885736455,JST_R6_EQ_TR,0.029847152531147003,-0.6777142799817365,0.05962825749765188,-0.004780879738122166
1919,FRA,true,,1918,1179738941.3556483,0.028117987656469674,JST_R6_EQ_TR,0.08083564043045044,-0.16952073379977983,1.7304942263088776,-0.0047665819004978904
1919,GBR,true,,1918,8594988072.810143,0.20485359944215306,JST_R6_EQ_TR,0.09555556625127792,0.017959775812940615,2.3469026905264077,0.0036791247204550057
1919,ITA,true,,1918,20415282.634583723,0.0004865793990515684,JST_R6_EQ_TR,0.015670262277126312,-0.092178308092,1.9847847973547559,-0.000044852065756995684
1919,JPN,true,,1918,1059606464.9602255,0.025254741077064508,JST_R6_EQ_TR,0.3674312233924866,0.3253564165188716,3.357577835343246,0.008216792056945655
1919,NLD,true,,1918,1390552800.7165625,0.033142541214489375,JST_R6_EQ_TR,0.16226699948310852,-0.03287737948667235,2.1797575676112078,-0.0010896399046614461
1919,NOR,true,,1918,554793772.9779412,0.013222996981479865,JST_R6_EQ_TR,-0.11855985969305038,-0.3551759629311865,1.1200870170515405,-0.004696490685733283
1919,PRT,true,,1918,121495242.28663474,0.0028957268453051158,JST_R6_EQ_TR,0.14739912748336792,0.027757926734067073,2.3791175760840546,0.00008037937361385058
1919,SWE,true,,1918,1263534631.0193872,0.03011518049722043,JST_R6_EQ_TR,-0.16673755645751953,-0.38087081338992923,1.035606111050749,-0.011469993291360878
1919,USA,true,,1918,20660835266.11328,0.49243191914760576,JST_R6_EQ_TR,0.19620253145694733,0.19620253145694733,2.932938772311029,0.09661638910696306
1920,AUS,true,,1919,537819846.2019849,0.011909214525702153,JST_R6_EQ_TR,0.08100000023841858,-0.11617435474380367,1.8205488456404724,-0.0013835453130289816
1920,BEL,true,,1919,1249858866.6523974,0.027676251582996022,JST_R6_EQ_TR,-0.08467575907707214,-0.4082523117552751,0.888441762181799,-0.011298893689478718
1920,CAN,true,,1919,1291871782.6545238,0.02860656464796187,KZ_R1_EQ_TR_FALLBACK,-0.11729052662849426,-0.17897223488574576,1.6201422504101655,-0.005119780807449303
1920,CHE,false,missing_start_market_cap,1919,,,JST_R6_EQ_TR,-0.15303678810596466,,,
1920,DEU,true,,1919,2106068250.8010166,0.046635725292926214,JST_R6_EQ_TR,0.6850277781486511,-0.47199256428453307,0.6850277781486509,-0.0220117155682773
1920,DNK,true,,1919,489583442.0260611,0.010841091641549963,JST_R6_EQ_TR,-0.08175387978553772,-0.37790856937530104,0.9852776121049349,-0.0040969414327246805
1920,ESP,true,,1919,405481347.8967827,0.008978776801144811,JST_R6_EQ_TR,0.06401766091585159,-0.32183489743824845,1.1642252716368446,-0.0028896837109173646
1920,FIN,true,,1919,112828478.02583072,0.0024984175628830303,JST_R6_EQ_TR,-0.04813892021775246,-0.1341455916194808,1.7631973174329727,-0.0003351517020854455
1920,FRA,true,,1919,599915469.3239739,0.01328422904420541,JST_R6_EQ_TR,-0.06666947156190872,-0.5197667840651876,0.5325661233223313,-0.006904701009092007
1920,GBR,true,,1919,9970280806.434635,0.22077692715104294,JST_R6_EQ_TR,-0.21339653432369232,-0.3488687325163873,1.0779523141455778,-0.07702216674404712
1920,ITA,false,missing_start_market_cap,1919,,,JST_R6_EQ_TR,-0.18142379820346832,,,
1920,JPN,true,,1919,1686520103.4301758,0.03734546029771488,JST_R6_EQ_TR,-0.030862323939800262,-0.050342478232467625,2.0306378199727018,-0.001880063022119195
1920,NLD,true,,1919,1410262431.3405266,0.03122814814473213,JST_R6_EQ_TR,-0.24908199906349182,-0.339774202040232,1.1069756487521745,-0.010610519117070512
1920,NOR,true,,1919,419509387.4071465,0.009289406713900404,JST_R6_EQ_TR,-0.19659313559532166,-0.4242840677981159,0.8372796905187656,-0.003941347268004792
1920,PRT,true,,1919,146423360.16378775,0.003242325883061218,JST_R6_EQ_TR,-0.07921444624662399,-0.6591727026410765,0.08768063620717181,-0.002137252715180578
1920,SWE,true,,1919,798250032.702841,0.01767605072914434,JST_R6_EQ_TR,-0.18631954491138458,-0.2567334162751911,1.371983338546885,-0.004538032889946809
1920,USA,true,,1919,23935302734.375,0.5300114099810347,JST_R6_EQ_TR,-0.17937219142913818,-0.17937219142913818,1.6188658708744201,-0.0950693080907456
1921,AUS,true,,1920,371473211.5610681,0.00967755744277625,JST_R6_EQ_TR,0.19900000095367432,0.2661224031683451,1.099562633988485,0.00257541484347132
1921,BEL,true,,1920,737064296.3428314,0.019201874710969798,JST_R6_EQ_TR,0.006892587058246136,0.015881762289313706,0.6845980951886066,0.00030495960966880664
1921,CAN,true,,1920,1173486589.050293,0.030571474659337135,KZ_R1_EQ_TR_FALLBACK,0.06667008250951767,0.14642813835462243,0.9010781862946855,0.004476524121122252
1921,CHE,false,missing_start_market_cap,1920,,,JST_R6_EQ_TR,-0.13197241723537445,,,
1921,DEU,true,,1920,983716513.2938823,0.025627616658554345,JST_R6_EQ_TR,1.2381927967071533,0.349722078611008,1.2381927967071538,0.008962543367675721
1921,DNK,true,,1920,291307421.83980834,0.007589091812340138,JST_R6_EQ_TR,-0.207868292927742,-0.10638487608525227,0.4818479782392193,-0.0008073645920554081
1921,ESP,true,,1920,254184022.24170917,0.0066219592684563355,JST_R6_EQ_TR,-0.050043996423482895,-0.18005152536823665,0.3596893750752219,-0.0011922938672118957
1921,FIN,true,,1920,99574782.8651687,0.002594105445666101,JST_R6_EQ_TR,-0.22581800818443298,-0.5851854357062218,-0.3121287822993912,-0.00151803272549
1921,FRA,true,,1920,2064370051.6085436,0.0537806203403832,JST_R6_EQ_TR,-0.04545501619577408,0.010908185710805096,0.6763506022800332,0.000586648994315202
1921,GBR,true,,1920,6889643447.221789,0.17948782885458447,JST_R6_EQ_TR,-0.007441862020641565,0.042606296591866544,0.7289143741612985,0.007647311670808608
1921,ITA,false,missing_start_market_cap,1920,,,JST_R6_EQ_TR,-0.11719822883605957,,,
1921,JPN,true,,1920,1041001832.5568194,0.027120004132378184,JST_R6_EQ_TR,-0.1263897567987442,-0.1601524715118362,0.3926872193784854,-0.004343335689211577
1921,NLD,true,,1920,1237520627.6728246,0.032239678631457554,JST_R6_EQ_TR,-0.15922383964061737,-0.1780649204885093,0.36298368640210255,-0.005740755812085582
1921,NOR,true,,1920,231402453.45195487,0.006028457681429618,JST_R6_EQ_TR,-0.26902467012405396,-0.24576636417345576,0.2507169568408141,-0.0014815921259384982
1921,PRT,true,,1920,51018268.11444058,0.0013291193145088791,JST_R6_EQ_TR,0.3538608253002167,-0.3243616923142979,0.12038531295106036,-0.0004311153901417196
1921,SWE,true,,1920,459164312.2876145,0.011962071206057185,JST_R6_EQ_TR,-0.21957340836524963,-0.023660231660246778,0.6190271102963525,-0.0002830253758716806
1921,USA,true,,1920,22500089645.385742,0.5861685398411007,JST_R6_EQ_TR,0.1409691572189331,0.1409691572189331,0.8920257654675521,0.08263168504965258
1922,AUS,true,,1921,415831363.71115124,0.01056706867127134,JST_R6_EQ_TR,0.21299999952316284,0.4195852428622808,24.600319970209735,0.004433786074777784
1922,BEL,true,,1921,841213752.9830159,0.021376847132589284,JST_R6_EQ_TR,0.2804209589958191,0.3211771420728222,22.82566157576826,0.006865754668572631
1922,CAN,true,,1921,1197181012.2070312,0.030422654643052317,KZ_R1_EQ_TR_FALLBACK,0.2135581523180008,0.3008590360593164,22.459251726307144,0.009152930550274207
1922,CHE,false,missing_start_market_cap,1921,,,JST_R6_EQ_TR,0.27203482389450073,,,
1922,DEU,true,,1921,1405479761.772463,0.03571592346037708,JST_R6_EQ_TR,20.694435119628906,0.2029966806624286,20.694435119628906,0.007250213909249908
1922,DNK,true,,1921,217362754.6409268,0.005523602487240146,JST_R6_EQ_TR,-0.08430855721235275,0.07780757337920985,18.436817115109942,0.0004297781058435237
1922,ESP,true,,1921,218766524.15205792,0.00555927494996728,JST_R6_EQ_TR,0.21264490485191345,0.3874913795049799,24.021550096996283,0.0021541711194102992
1922,FIN,true,,1921,37319448.819364235,0.0009483584281106562,JST_R6_EQ_TR,0.14166511595249176,0.5723381375971017,27.355013991755406,0.0005427816965193679
1922,FRA,true,,1921,2238187295.4112983,0.056876611323158875,JST_R6_EQ_TR,0.23332425951957703,0.35672749060412423,23.466764533149522,0.020289450831376583
1922,GBR,true,,1921,7143161038.052954,0.181521356507124,JST_R6_EQ_TR,0.2624000012874603,0.4524868039613914,25.193655591224186,0.08213601845664487
1922,ITA,false,missing_start_market_cap,1921,,,JST_R6_EQ_TR,0.2778649926185608,,,
1922,JPN,true,,1921,983727237.022599,0.024998386785078035,JST_R6_EQ_TR,-0.03842872381210327,-0.047630362818686045,16.174711814131953,-0.0011906822324551133
1922,NLD,true,,1921,928827175.3816874,0.02360327142812406,JST_R6_EQ_TR,-0.22420945763587952,-0.11239240379343762,15.006815078649819,-0.0026528284131958286
1922,NOR,true,,1921,148453248.9198627,0.0037724804156408056,JST_R6_EQ_TR,0.05757308006286621,0.31697779781413526,22.74993202220465,0.0011957925344467763
1922,PRT,true,,1921,31807207.72320627,0.0008082818603504472,JST_R6_EQ_TR,0.5757917165756226,0.05348127092940613,17.998124807241616,0.00004322794116072668
1922,SWE,true,,1921,521033682.78196627,0.013240460404104908,JST_R6_EQ_TR,-0.06430868059396744,0.029955539091450767,17.573869718923937,0.0003966251292239706
1922,USA,true,,1921,23023277282.714844,0.5850654215038108,JST_R6_EQ_TR,0.27086183428764343,0.27086183428764343,21.91829233874871,0.15847189324679545
1923,AUS,true,,1922,595391566.1233286,0.0109838976335769,JST_R6_EQ_TR,0.16200000047683716,0.20727270861377578,342441944.4217929,0.002276662213647926
1923,BEL,true,,1922,1190212922.872218,0.021957275935414983,JST_R6_EQ_TR,0.5130442976951599,0.02780850874548224,291537066.59428906,0.0006105990998769543
1923,CAN,true,,1922,1519804384.7546577,0.02803764234333921,KZ_R1_EQ_TR_FALLBACK,0.11356717348098755,0.09278025181256355,309966249.93835986,0.002601339516845606
1923,CHE,false,missing_start_market_cap,1922,,,JST_R6_EQ_TR,0.14259107410907745,,,
1923,DEU,true,,1922,1189601927.9784665,0.021946004184605173,JST_R6_EQ_TR,2639074816,8.304009176298859,2639074816,0.1822398201320545
1923,DNK,true,,1922,171973171.4219092,0.0031725940004809403,JST_R6_EQ_TR,0.17091070115566254,0.026541243493064304,291177607.8114415,0.0000842045898713996
1923,ESP,true,,1922,288719643.2897287,0.005326355271280961,JST_R6_EQ_TR,0.1751825362443924,0.08907002281269127,308913846.42785937,0.0004744185855214936
1923,FIN,true,,1922,55042851.2342974,0.0010154410606691257,JST_R6_EQ_TR,0.046965740621089935,0.1480002556143789,325629360.1811194,0.00015028553654036664
1923,FRA,true,,1922,3247791002.2177143,0.05991587038406615,JST_R6_EQ_TR,0.26318517327308655,-0.06336555474831296,265675615.86152542,-0.0037966023651143667
1923,GBR,true,,1922,10731490551.633472,0.19797659285355682,JST_R6_EQ_TR,0.0091249980032444,0.04236241788258277,295665271.36761105,0.008386767157432324
1923,ITA,true,,1922,10678645.359974883,0.00019700169463760786,JST_R6_EQ_TR,0.37691745162010193,0.33224936753248135,377891474.51311624,0.00006545368844617223
1923,JPN,true,,1922,838655752.2016608,0.015471681925177585,JST_R6_EQ_TR,0.0799502581357956,0.09567768907952079,310788105.71904236,0.0014802947727743825
1923,NLD,true,,1922,1018637753.2084906,0.01879202434758916,JST_R6_EQ_TR,0.06275292485952377,0.07941622585145613,306175554.5833363,0.0014923916497942033
1923,NOR,true,,1922,170244589.75162145,0.0031407047947917465,JST_R6_EQ_TR,0.12086549401283264,-0.11466659936393253,251124115.28091958,-0.00036013393842476715
1923,PRT,true,,1922,35679574.81344839,0.0006582236290516887,JST_R6_EQ_TR,0.13004609942436218,-0.27949919642689625,204369479.97405487,-0.0001839729753891424
1923,SWE,true,,1922,486401974.3936255,0.008973236773062753,JST_R6_EQ_TR,-0.002577319508418441,-0.02248025348933691,277272699.1074111,-0.00020172063727829024
1923,USA,true,,1922,32655529022.216797,0.6024354531686991,JST_R6_EQ_TR,0.03416856378316879,0.03416856378316879,293341091.1568884,0.02058435420683689
1924,AUS,true,,1923,690154364.2208896,0.012569104345792842,JST_R6_EQ_TR,0.13699999451637268,0.11994981393048709,7.796183230496135,0.001507661727550728
1924,BEL,true,,1923,1351608512.7251995,0.024615519819661088,JST_R6_EQ_TR,-0.030854078009724617,-0.13766485796614347,5.772855195006544,-0.0033886920397364333
1924,CAN,true,,1923,1552433551.0063171,0.028272949218448924,KZ_R1_EQ_TR_FALLBACK,0.08259820193052292,0.10547551023285617,7.682500790555919,0.0029821037446035323
1924,CHE,false,missing_start_market_cap,1923,,,JST_R6_EQ_TR,0.12084880471229553,,,
1924,DEU,false,missing_start_market_cap,1923,,,JST_R6_EQ_TR,0.04148393124341965,,,
1924,DNK,true,,1923,190404867.16880858,0.003467657045236928,JST_R6_EQ_TR,0.12003561854362488,0.019923737389831775,7.010569726984409,0.00006908868832730057
1924,ESP,true,,1923,316057051.73536277,0.005756037009155205,JST_R6_EQ_TR,0.09121785312891006,0.011301765349828852,6.942852008807453,0.00006505337962240278
1924,FIN,true,,1923,57419763.52529505,0.0010457298202771236,JST_R6_EQ_TR,-0.03552400693297386,-0.1311326407833846,5.824159796807664,-0.00013712931287887338
1924,FRA,true,,1923,3500140676.008933,0.06374462824903568,JST_R6_EQ_TR,0.03414793312549591,-0.10947168976143395,5.994286789790679,-0.006978232167636373
1924,GBR,true,,1923,11215922162.822924,0.20426458674641074,JST_R6_EQ_TR,0.20171739161014557,0.1603154673408913,8.113218582616526,0.03274677268544487
1924,ITA,true,,1923,14984875.659619646,0.0002729048391762525,JST_R6_EQ_TR,0.7760998606681824,0.6821320566565385,12.211611452761575,0.000186157139218819
1924,JPN,true,,1923,974325938.4091719,0.017744442434269456,JST_R6_EQ_TR,0.07428982853889465,-0.08928516592999058,6.152833503401878,-0.0015843154870789145
1924,NLD,true,,1923,1117486196.389296,0.02035167976262299,JST_R6_EQ_TR,0.0184926874935627,-0.004701750691686768,6.817159002136626,-0.00009568852440090024
1924,NOR,true,,1923,126760377.61386922,0.00230856239667404,JST_R6_EQ_TR,0.20681867003440857,0.21770725953847836,8.563978709380445,0.0005025907928534869
1924,PRT,true,,1923,33382904.15720885,0.0006079700824484903,JST_R6_EQ_TR,-0.0980149358510971,-0.2820507753027247,4.6388356443102605,-0.00017147843311545816
1924,SWE,true,,1923,454221170.63754916,0.008272284558044567,JST_R6_EQ_TR,0.17915590107440948,0.2058445324470355,8.470807819210378,0.0017028045471195155
1924,USA,true,,1923,33313491821.289062,0.6067059436727457,JST_R6_EQ_TR,0.2526315748691559,0.2526315748691559,8.838277319038799,0.15327307803252313
1925,AUS,true,,1924,772020647.7141955,0.011857211458180873,JST_R6_EQ_TR,0.1770000010728836,0.2560846420334355,0.25587359744284766,0.003036449751782999
1925,BEL,true,,1924,1222830700.783873,0.018781054936392837,JST_R6_EQ_TR,0.07084638625383377,0.09718293427424607,0.09699858800058325,0.0018251980274844697
1925,CAN,true,,1924,1692549560.0323677,0.025995312555661548,KZ_R1_EQ_TR_FALLBACK,0.22085991501808167,0.22456705269587873,0.22436130362162432,0.005837690724533085
1925,CHE,false,missing_start_market_cap,1924,,,JST_R6_EQ_TR,0.17510651051998138,,,
1925,DEU,true,,1924,2320211145.0672154,0.035635360603560824,JST_R6_EQ_TR,-0.3478185534477234,-0.3477089569352584,-0.3478185534477234,-0.012390734065475934
1925,DNK,true,,1924,167579028.42855474,0.0025737912346218473,JST_R6_EQ_TR,0.02256849966943264,0.29212606102046323,0.29190896082959195,0.0007518714952590752
1925,ESP,true,,1924,317268056.6536285,0.004872815834403506,JST_R6_EQ_TR,0.05101613700389862,0.13244349912471698,0.13225322844817256,0.0006453727796987279
1925,FIN,true,,1924,45596190.00839549,0.0007002969003713581,JST_R6_EQ_TR,0.3782046437263489,0.46991356744760404,0.4696665957892774,0.00032907901472600424
1925,FRA,true,,1924,3243976861.4007883,0.049823174710367,JST_R6_EQ_TR,0.15127940475940704,0.04804459709613562,0.04786850693826694,0.002393734355009956
1925,GBR,true,,1924,12730481135.971556,0.19552327679385956,JST_R6_EQ_TR,0.15123584866523743,0.2585214685553343,0.258310014534491,0.05054696465349969
1925,ITA,true,,1924,31392511.24045286,0.000482147265210411,JST_R6_EQ_TR,-0.05036471039056778,-0.13327507436545738,-0.13342069958923752,-0.00006425821262601943
1925,JPN,true,,1924,911509641.2577876,0.01399957707681067,JST_R6_EQ_TR,0.122518390417099,0.11791790521047152,0.11773007509240396,0.0016508008027300504
1925,NLD,true,,1924,1276268228.967655,0.019601784373297963,JST_R6_EQ_TR,0.1488078087568283,0.20744775754919487,0.20724488482141767,0.004066346212203513
1925,NOR,true,,1924,131475187.60279605,0.002019284206356452,JST_R6_EQ_TR,-0.03715341538190842,0.2987687196166957,0.2985505033408751,0.0006032989568753327
1925,PRT,true,,1924,31809731.10659766,0.0004885552080446864,JST_R6_EQ_TR,0.014110464602708817,0.5098376089877628,0.5095839293794147,0.0002490838191280219
1925,SWE,true,,1924,516270973.63299704,0.00792923624803566,JST_R6_EQ_TR,0.15266618132591248,0.14535129124466506,0.14515885182915822,0.0011525247272359865
1925,USA,true,,1924,39698558807.37305,0.6097171205948249,JST_R6_EQ_TR,0.2854330539703369,0.2854330539703369,0.2852170783238517,0.17403341978938106
1926,AUS,true,,1925,967051077.8712637,0.012776303701684553,JST_R6_EQ_TR,0.14100000262260437,0.1462459981473394,0.14677586476272064,0.001868483287486405
1926,BEL,true,,1925,1457955976.2361305,0.019261948786699457,JST_R6_EQ_TR,0.636900782585144,0.12336191972429433,0.12388120788688295,0.002376190979958287
1926,CAN,true,,1925,2126861934.206009,0.02809927482091654,KZ_R1_EQ_TR_FALLBACK,0.2321792095899582,0.23189938430468304,0.23246884527406197,0.0065162045303786284
1926,CHE,false,missing_start_market_cap,1925,,,JST_R6_EQ_TR,0.21690000593662262,,,
1926,DEU,true,,1925,1840338318.9344404,0.024313835964395764,JST_R6_EQ_TR,1.3776044845581055,1.3765059148378498,1.3776044845581055,0.033468139017388
1926,DNK,true,,1925,213430851.99768308,0.002819765622343572,JST_R6_EQ_TR,-0.07233268022537231,0.15131856602277627,0.15185077749639553,0.00042668289049335067
1926,ESP,true,,1925,327731712.92144907,0.004329864257196081,JST_R6_EQ_TR,0.17691169679164886,0.22069561408300475,0.2212598959688219,0.0009555820511379424
1926,FIN,true,,1925,61817465.31685877,0.0008167083714906724,JST_R6_EQ_TR,0.38301604986190796,0.391391464813893,0.39203465300152707,0.0003196526858435033
1926,FRA,true,,1925,3515699715.9296036,0.046448060834096166,JST_R6_EQ_TR,0.24503205716609955,-0.15308912824524046,-0.15269763305322093,-0.007110693141773678
1926,GBR,true,,1925,14695818443.795668,0.19415545246695395,JST_R6_EQ_TR,0.06591453403234482,0.07264771622010979,0.07314356110489784,0.014104950213406287
1926,ITA,false,missing_start_market_cap,1925,,,JST_R6_EQ_TR,-0.3903886675834656,,,
1926,JPN,true,,1925,930574840.9170933,0.012294393808934162,JST_R6_EQ_TR,0.16275745630264282,0.33826801574455123,0.33888664695034976,0.0041588001985302546
1926,NLD,true,,1925,99438.85377133227,0.0000013137475616350728,JST_R6_EQ_TR,0.13335184752941132,0.13157949410490977,0.13210258094451088,1.7286223954150165e-7
1926,NOR,true,,1925,155377766.76201192,0.0020527907802045183,JST_R6_EQ_TR,-0.04403366893529892,0.18862900684715678,0.18917846554085793,0.0003872158861349784
1926,PRT,true,,1925,49945524.37358259,0.0006598608931199882,JST_R6_EQ_TR,0.06919052451848984,0.08737323534051256,0.08787588728154216,0.00005765418110657353
1926,SWE,true,,1925,555909628.2483398,0.007344462359553718,JST_R6_EQ_TR,0.1571609526872635,0.15502693943761958,0.15556086515344592,0.0011385895214164109
1926,USA,true,,1925,48792377471.92383,0.6446259635848492,JST_R6_EQ_TR,0.13804173469543457,0.13804173469543457,0.13856780878694752,0.08898528624296863
1927,AUS,true,,1926,1101469534.8600018,0.012720914223933785,JST_R6_EQ_TR,0.12399999797344208,0.11921516430784318,0.11434493932508105,0.0015165258793522454
1927,BEL,true,,1926,1640885713.434405,0.018950652515805185,JST_R6_EQ_TR,0.6365461945533752,0.3948982302727928,0.38882838023311206,0.007483579141006116
1927,CAN,true,,1926,2560682592.803478,0.02957342222080943,KZ_R1_EQ_TR_FALLBACK,0.4298277795314789,0.429301256456428,0.42308170287184765,0.012695907317109935
1927,CHE,false,missing_start_market_cap,1926,,,JST_R6_EQ_TR,0.26099103689193726,,,
1927,DEU,true,,1926,3734206616.8212895,0.04312649652454276,JST_R6_EQ_TR,-0.07390796393156052,-0.06986049495563529,-0.07390796393156052,-0.003012838392907042
1927,DNK,true,,1926,258104384.31593272,0.0029808575088021254,JST_R6_EQ_TR,0.12051218003034592,0.1418635399202821,0.13689476133652856,0.000422874998196623
1927,ESP,true,,1926,492321486.7001488,0.005685839875460703,JST_R6_EQ_TR,0.3053540885448456,0.49692482508896973,0.49041100995050724,0.0028254349855971993
1927,FIN,true,,1926,80714361.85588737,0.0009321732842468482,JST_R6_EQ_TR,0.740195095539093,0.7316130621574997,0.7240780095020862,0.0006819901509492499
1927,FRA,true,,1926,2832098132.1403494,0.03270801077335247,JST_R6_EQ_TR,0.2542186975479126,0.5177207736219795,0.5111164656530804,0.016933616641216082
1927,GBR,true,,1926,15151278270.576855,0.17498269826178828,JST_R6_EQ_TR,0.0857815146446228,0.08630936175918036,0.08158232520591868,0.015102645005874184
1927,ITA,false,missing_start_market_cap,1926,,,JST_R6_EQ_TR,0.32327574491500854,,,
1927,JPN,true,,1926,1220516679.7646,0.014095794300964777,JST_R6_EQ_TR,-0.0653478354215622,-0.06091820430981587,-0.06500458534545517,-0.0008586904771353105
1927,NLD,true,,1926,53471.208761141716,6.175410563552219e-7,JST_R6_EQ_TR,0.1511128544807434,0.1513436864480333,0.14633365534382436,9.346094000181196e-8
1927,NOR,true,,1926,164073321.6178673,0.001894889131910554,JST_R6_EQ_TR,0.026901686564087868,0.08346598915024162,0.07875132543176355,0.00015815879572495705
1927,PRT,true,,1926,79147970.07819748,0.0009140829650737439,JST_R6_EQ_TR,0.3461938798427582,0.32087408567632925,0.3151263490692022,0.0002933055356503456
1927,SWE,true,,1926,603715100.5821527,0.006972329026944205,JST_R6_EQ_TR,0.2639649510383606,0.2761174620652389,0.27056448231399277,0.0019251817956036305
1927,USA,true,,1926,56668025970.458984,0.6544612218453089,JST_R6_EQ_TR,0.3513713777065277,0.3513713777065277,0.3454909332177629,0.22995894117528365
1928,AUS,true,,1927,1030983865.0189818,0.009282749703485214,JST_R6_EQ_TR,0.1770000010728836,0.17472311975160482,0.17965893117913234,0.0016219109880662211
1928,BEL,true,,1927,2525231871.2514443,0.022736626827481125,JST_R6_EQ_TR,0.25942015647888184,0.2605428063112514,0.26583920465709676,0.005923864559683616
1928,CAN,true,,1927,377763254.7944784,0.003401296431895655,KZ_R1_EQ_TR_FALLBACK,0.3187650740146637,0.3173103023073278,0.3228452195439129,0.0010792663990416458
1928,CHE,false,missing_start_market_cap,1927,,,JST_R6_EQ_TR,0.21114370226860046,,,
1928,DEU,true,,1927,4054914020.53833,0.03650954510439133,JST_R6_EQ_TR,0.11162931472063065,0.10697814603979139,0.11162931472063065,0.003905723448023927
1928,DNK,true,,1927,306867165.3919239,0.002762963791386574,JST_R6_EQ_TR,0.10877277702093124,0.1095140740397722,0.11417589788027516,0.000302583421219119
1928,ESP,true,,1927,842604955.4714164,0.007586627847384842,JST_R6_EQ_TR,0.24964042007923126,0.21441009314499104,0.21951265656156638,0.001626649583414167
1928,FIN,true,,1927,158418390.07975,0.0014263639940789272,JST_R6_EQ_TR,-0.08177943527698517,-0.076121071399466,-0.07223922716164888,-0.00010857635543490952
1928,FRA,true,,1927,4645682002.438647,0.04182868878343694,JST_R6_EQ_TR,0.4836086928844452,0.48244526072252203,0.48867402232219614,0.02018005266580647
1928,GBR,true,,1927,16701833449.583004,0.15037959832564557,JST_R6_EQ_TR,0.1646854728460312,0.16581898668821715,0.17071738579194884,0.024935792612939666
1928,ITA,true,,1927,12729730.48683908,0.00011461566559043731,JST_R6_EQ_TR,0.23578710854053497,0.2600195021629521,0.26531370175187186,0.00002980230830690091
1928,JPN,true,,1927,1112358105.9724853,0.010015425292999472,JST_R6_EQ_TR,0.10608211159706116,0.08550383975339493,0.09006478025656017,0.0008563573193147252
1928,NLD,true,,1927,60605.13936020832,5.456752123034399e-7,JST_R6_EQ_TR,0.08459398150444031,0.08777870298184753,0.09234920173387184,4.7898662385340244e-8
1928,NOR,true,,1927,165198861.5692772,0.0014874138531935893,JST_R6_EQ_TR,0.10436251759529114,0.10671849096616115,0.11136856865929601,0.000158734561854983
1928,PRT,true,,1927,93580814.1946132,0.0008425808634754502,JST_R6_EQ_TR,0.24935969710350037,0.10986659022752843,0.11452989522848411,0.00009257148646101437
1928,SWE,true,,1927,730004119.4702516,0.006572794932567349,JST_R6_EQ_TR,0.21837086975574493,0.20848419020064046,0.21356185486534884,0.0013703238288711769
1928,USA,true,,1927,78306259155.27344,0.7050521629077752,JST_R6_EQ_TR,0.37457045912742615,0.37457045912742615,0.3803459652582133,0.2640917123691502
1929,AUS,true,,1928,1315556417.9320912,0.008747692978392082,JST_R6_EQ_TR,-0.05300000309944153,-0.09950976240364107,-0.10327750398354196,-0.0008704808498597954
1929,BEL,true,,1928,3131965820.298898,0.02082577002501988,JST_R6_EQ_TR,-0.3022567927837372,-0.3030430862224044,-0.30595922393695485,-0.006311105621340064
1929,CAN,true,,1928,274566920.43685913,0.0018257119871602737,KZ_R1_EQ_TR_FALLBACK,-0.11187546700239182,-0.1182212988528425,-0.12191074948525726,-0.00021583804245329166
1929,CHE,false,missing_start_market_cap,1928,,,JST_R6_EQ_TR,-0.061824049800634384,,,
1929,DEU,true,,1928,4336782009.124757,0.028837104219118354,JST_R6_EQ_TR,-0.22215013206005096,-0.21888185530400095,-0.22215013206005108,-0.006311918873075459
1929,DNK,true,,1928,280412396.92480487,0.0018645810412973335,JST_R6_EQ_TR,0.07345010340213776,0.07092979687084489,0.06644891905966999,0.0001322543545084483
1929,ESP,true,,1928,973984083.4888059,0.0064764335547033,JST_R6_EQ_TR,0.02551354095339775,-0.09327761701627735,-0.09707143451830114,-0.0006041062887469821
1929,FIN,true,,1928,136533596.4997804,0.0009078698314536282,JST_R6_EQ_TR,-0.15218403935432434,-0.15906242144333116,-0.16258098871762672,-0.00014440797374636304
1929,FRA,true,,1928,6793798829.710469,0.04517485187954469,JST_R6_EQ_TR,0.0008978269179351628,-0.0003564310105336199,-0.004539040085803192,-0.00001610171810613271
1929,GBR,true,,1928,19151179459.843323,0.1273443204755403,JST_R6_EQ_TR,-0.1423381268978119,-0.14400429857940922,-0.14758587055188022,-0.018338129548151682
1929,ITA,true,,1928,1149511051.5088718,0.007643586863172692,JST_R6_EQ_TR,-0.11079128086566925,-0.11479337160491743,-0.11849716502916452,-0.000877433107178648
1929,JPN,true,,1928,1171727031.8680308,0.007791310345607136,JST_R6_EQ_TR,-0.10819262266159058,-0.11641204549420259,-0.12010906622435225,-0.0009070023744122692
1929,NLD,true,,1928,34026.781506954794,2.2625851207016415e-7,JST_R6_EQ_TR,0.050753623247146606,0.04914999909824935,0.04476025014804774,1.1120605664219809e-8
1929,NOR,true,,1928,173558463.54166666,0.0011540638867092103,JST_R6_EQ_TR,0.08305645734071732,0.08886373057042629,0.08430781537975518,0.00010255442228958623
1929,PRT,true,,1928,101684730.09967543,0.0006761449280151974,JST_R6_EQ_TR,-0.12906178832054138,-0.12830239861512782,-0.13194966891380921,-0.00008675101607580277
1929,SWE,true,,1928,968302126.37381,0.00643865181027876,JST_R6_EQ_TR,-0.02062588930130005,-0.013597255802036412,-0.017724463936755752,-0.00008754799568460511
1929,USA,true,,1928,110429359436.03516,0.7342916799154751,JST_R6_EQ_TR,-0.03369330242276192,-0.03369330242276192,-0.03773642668040711,-0.024740711637909994
1930,AUS,true,,1929,1037264259.9610108,0.00719225601537613,JST_R6_EQ_TR,-0.29600000381469727,-0.420864589178364,-0.41843124711608837,-0.0030269658731768923
1930,BEL,true,,1929,2299533367.30293,0.015944666496235296,JST_R6_EQ_TR,-0.28866109251976013,-0.28661655888122717,-0.28361914946476185,-0.004570005443659753
1930,CAN,false,missing_start_market_cap,1929,,,KZ_R1_EQ_TR_FALLBACK,-0.3076408803462982,,,
1930,CHE,false,missing_start_market_cap,1929,,,JST_R6_EQ_TR,-0.055574674159288406,,,
1930,DEU,true,,1929,3304092444.419861,0.02291014901027325,JST_R6_EQ_TR,-0.27195248007774353,-0.27499870401047255,-0.27195248007774364,-0.006300261286511954
1930,DNK,true,,1929,320596401.82902634,0.002222973921466676,JST_R6_EQ_TR,0.010390120558440685,0.013608267990228295,0.01786712625909459,0.000030250824858607237
1930,ESP,true,,1929,860572076.6129032,0.0059670953040612176,JST_R6_EQ_TR,0.004128334578126669,-0.21104202283147178,-0.20772707334757057,-0.0012593078633972555
1930,FIN,true,,1929,102741283.23662436,0.0007123947492549777,JST_R6_EQ_TR,-0.04048769921064377,-0.03357999935019962,-0.029519411112175487,-0.000023922215217067772
1930,FRA,true,,1929,7468774298.528082,0.05178751350990768,JST_R6_EQ_TR,-0.2678622901439667,-0.26619559781444113,-0.2631123860405524,-0.013785608118093321
1930,GBR,true,,1929,17121004907.757174,0.11871483024174512,JST_R6_EQ_TR,-0.04860176891088486,-0.04767673416991347,-0.04367537591012338,-0.005659935403462086
1930,ITA,true,,1929,1075047091.10815,0.007454237272308831,JST_R6_EQ_TR,-0.14342430233955383,-0.14275135228116032,-0.13914946720671162,-0.0010641024508467134
1930,JPN,true,,1929,1013820261.4517212,0.007029698366557453,JST_R6_EQ_TR,-0.2740750312805176,-0.22016971182114997,-0.21689311397165922,-0.001547726663554563
1930,NLD,true,,1929,20383.79985025367,1.4133862772320016e-7,JST_R6_EQ_TR,-0.20957300066947937,-0.20833299049353848,-0.20500665852082245,-2.9445498985827233e-8
1930,NOR,true,,1929,177036545.1679792,0.001227548471566607,JST_R6_EQ_TR,-0.05877809599041939,-0.06129473209739689,-0.05735059231629369,-0.0000752422547012442
1930,PRT,true,,1929,99407057.61025335,0.0006892756606643909,JST_R6_EQ_TR,-0.18364742398262024,-0.17952015103954777,-0.17607275671618472,-0.00012373887071035551
1930,SWE,true,,1929,1053888932.3832333,0.007307529340456165,JST_R6_EQ_TR,-0.0748002901673317,-0.07964721827989152,-0.07578018978526946,-0.0005820243844660239
1930,USA,true,,1929,108285797119.14062,0.7508396903014986,JST_R6_EQ_TR,-0.22943925857543945,-0.22943925857543945,-0.2262016084013868,-0.1722721018517884
1931,AUS,true,,1930,594605494.1884669,0.005435069918052709,JST_R6_EQ_TR,0.1770000010728836,0.13090369535963298,0.14048762498132472,0.0007114707368110772
1931,BEL,true,,1930,1891722229.3922315,0.017291536460344988,JST_R6_EQ_TR,-0.3138085603713989,-0.31498415124923607,-0.3091789321920262,-0.005446559935756986
1931,CAN,false,missing_start_market_cap,1930,,,KZ_R1_EQ_TR_FALLBACK,-0.3365519642829895,,,
1931,CHE,false,missing_start_market_cap,1930,,,JST_R6_EQ_TR,-0.3009048402309418,,,
1931,DEU,true,,1930,2339323448.181153,0.021382894416671423,JST_R6_EQ_TR,-0.34182441234588623,-0.3473552996370972,-0.34182441234588623,-0.007427461697211315
1931,DNK,true,,1930,301739029.95044875,0.002758085387395162,JST_R6_EQ_TR,-0.08999190479516983,-0.1480260993549285,-0.14080598155285162,-0.0004082686215839327
1931,ESP,true,,1930,704326745.6617224,0.00643799148383355,JST_R6_EQ_TR,-0.2420930117368698,-0.37643292340057155,-0.37114845664972895,-0.0024234719550874466
1931,FIN,true,,1930,93506528.5546595,0.0008547087530406879,JST_R6_EQ_TR,0.0802667886018753,-0.17277988234994424,-0.16576954236985908,-0.0001476764777938376
1931,FRA,true,,1930,5495404137.838148,0.050231466088067354,JST_R6_EQ_TR,-0.31904923915863037,-0.31990343062656157,-0.3141399003776342,-0.016069218326974534
1931,GBR,true,,1930,14454136210.039627,0.1321199377981572,JST_R6_EQ_TR,-0.20131374895572662,-0.25492171501221306,-0.24860749225807932,-0.033680241130813145
1931,ITA,true,,1930,850206871.7140179,0.007771428010232782,JST_R6_EQ_TR,-0.2731724679470062,-0.2774864336185865,-0.27136343729332024,-0.0021564658426830824
1931,JPN,true,,1930,741684144.6813186,0.006779461715125667,JST_R6_EQ_TR,0.12479005753993988,0.10832971523447754,0.11772233993985437,0.0007344171570426061
1931,NLD,false,missing_start_market_cap,1930,,,JST_R6_EQ_TR,-0.24899999797344208,,,
1931,NOR,true,,1930,153294070.64672458,0.0014012046644893243,JST_R6_EQ_TR,-0.12324565649032593,-0.39645476813433067,-0.3913399780337742,-0.0005555142703688576
1931,PRT,true,,1930,71832371.09106414,0.0006565932590183832,JST_R6_EQ_TR,-0.27711933851242065,-0.317414517351405,-0.3116298946170949,-0.00020841223240750616
1931,SWE,true,,1930,1065940500.6225091,0.009743369689636844,JST_R6_EQ_TR,-0.3449764549732208,-0.5448833312095116,-0.5410264102875584,-0.005308999733695109
1931,USA,true,,1930,80643905639.64844,0.7371362523559338,JST_R6_EQ_TR,-0.40296581387519836,-0.40296581387519836,-0.397906202128378,-0.29704070986752246
1932,AUS,true,,1931,588045721.7361054,0.009275231204221579,JST_R6_EQ_TR,0.24799999594688416,-0.03857794684916127,-0.04665712376639519,-0.00035781937641014215
1932,BEL,true,,1931,1312604790.5494812,0.02070368419001757,JST_R6_EQ_TR,0.02667750045657158,0.025577570476396305,0.016959271564829903,0.0005295499414912264
1932,CAN,false,missing_start_market_cap,1931,,,KZ_R1_EQ_TR_FALLBACK,-0.14879430830478668,,,
1932,CHE,false,missing_start_market_cap,1931,,,JST_R6_EQ_TR,0.051598332822322845,,,
1932,DEU,true,,1931,1317541566.8487551,0.020781551845349033,JST_R6_EQ_TR,0.13711504638195038,0.1467516145716279,0.13711504638195038,0.0030497262866089636
1932,DNK,true,,1931,232181412.3790266,0.003662191903684351,JST_R6_EQ_TR,-0.10433220863342285,-0.32689136849711886,-0.33254774355176486,-0.0011971389230944463
1932,ESP,true,,1931,461519827.4585308,0.007279541278477926,JST_R6_EQ_TR,-0.09457386285066605,-0.23027834432510286,-0.23674659353245486,-0.0016763207130541394
1932,FIN,true,,1931,68545245.5583297,0.0010811625304009323,JST_R6_EQ_TR,0.009640108793973923,-0.19367128003588396,-0.20044715163222104,-0.00020939013118958385
1932,FRA,true,,1931,3493188970.559067,0.05509798667749201,JST_R6_EQ_TR,0.2392289936542511,0.24161390472172917,0.23118017442994998,0.013312439703454658
1932,GBR,true,,1931,11822564261.300222,0.1864770253350078,JST_R6_EQ_TR,0.34228572249412537,0.037777004943740033,0.029056189776145658,0.007044543507974525
1932,ITA,true,,1931,619253399.9794742,0.009767469172044258,JST_R6_EQ_TR,-0.015621870756149292,-0.030959421434747503,-0.039102619573951225,-0.00030239519444822245
1932,JPN,true,,1931,781366178.1549482,0.012324470172403523,JST_R6_EQ_TR,0.13486121594905853,-0.3464984571079861,-0.35199006671212063,-0.004270409899411216
1932,NLD,false,missing_start_market_cap,1931,,,JST_R6_EQ_TR,-0.3043571412563324,,,
1932,NOR,true,,1931,85615635.88364796,0.0013504133916199992,JST_R6_EQ_TR,0.029523812234401703,-0.05993229044210013,-0.06783201909384717,-0.0000809333676034713
1932,PRT,true,,1931,46189032.75411884,0.0007285385167483167,JST_R6_EQ_TR,0.09645986557006836,-0.1741972456193548,-0.18113676456372996,-0.00012690940294516695
1932,SWE,true,,1931,504557099.604068,0.00795836714999409,JST_R6_EQ_TR,-0.21989215910434723,-0.24936286868053537,-0.25567074373364007,-0.0019845212625354625
1932,USA,true,,1931,42066402435.302734,0.6635123666325385,JST_R6_EQ_TR,-0.13270142674446106,-0.13270142674446106,-0.13998965004912944,-0.0880490377147318
1933,AUS,true,,1932,496217736.2953344,0.009066991633396247,JST_R6_EQ_TR,0.25600001215934753,0.5177988713328083,-0.03205752578454324,0.004694878034156593
1933,BEL,true,,1932,1341215437.687834,0.024506961889124674,JST_R6_EQ_TR,-0.09682412445545197,0.16192128675493134,-0.25901054060108863,0.00396819880354113
1933,CAN,false,missing_start_market_cap,1932,,,KZ_R1_EQ_TR_FALLBACK,0.49686476588249207,,,
1933,CHE,false,missing_start_market_cap,1932,,,JST_R6_EQ_TR,0.09540724009275436,,,
1933,DEU,true,,1932,1648462248.8021853,0.030121038255196905,JST_R6_EQ_TR,0.14418908953666687,0.7941654126684199,0.14418908953666665,0.023921086775939713
1933,DNK,true,,1932,180972472.83951065,0.003306765915626746,JST_R6_EQ_TR,0.2489832043647766,0.26484678690553,-0.193372091951993,0.0008757863278024665
1933,ESP,true,,1932,381221513.6482675,0.006965757210786732,JST_R6_EQ_TR,0.12095972150564194,0.8824235648017613,0.2004737631908342,0.006146748309486002
1933,FIN,true,,1932,50327011.820269875,0.000919585419326156,JST_R6_EQ_TR,0.43665409088134766,0.7399840845713153,0.10963615254012082,0.0006804785747051947
1933,FRA,true,,1932,4295963628.804954,0.07849672317348672,JST_R6_EQ_TR,0.011746611446142197,0.2960394684056262,-0.17347965305321777,0.02323812819986261
1933,GBR,true,,1932,12358192140.223434,0.2258114060490157,JST_R6_EQ_TR,0.24409089982509613,0.5034522230089722,-0.0412067816823809,0.11368525435615863
1933,ITA,true,,1932,554097681.8359025,0.010124585797352969,JST_R6_EQ_TR,0.35110485553741455,0.7687471038909348,0.12797912841919223,0.007783246009810386
1933,JPN,true,,1932,486674152.8012844,0.008892609330298422,JST_R6_EQ_TR,0.33765870332717896,0.2210423035499378,-0.22130742699655614,0.001965642850938833
1933,NLD,false,missing_start_market_cap,1932,,,JST_R6_EQ_TR,0.17043477296829224,,,
1933,NOR,true,,1932,73697237.92837447,0.0013466109548798623,JST_R6_EQ_TR,0.22137600183486938,0.8538742884993555,0.1822670971673277,0.00114983647098348
1933,PRT,true,,1932,36458012.64083379,0.0006661682390730835,JST_R6_EQ_TR,0.18616919219493866,0.45357640980326064,-0.07301397231196116,0.00030215819820372943
1933,SWE,true,,1932,309799562.55154365,0.005660720760720367,JST_R6_EQ_TR,0.190476194024086,0.7507818615844444,0.1165221946867574,0.004249966470643349
1933,USA,true,,1932,32514636993.408203,0.5941140753717153,JST_R6_EQ_TR,0.5263929963111877,0.5263929963111877,-0.026576813713658165,0.3127374882855681
1934,AUS,true,,1933,808360546.9658085,0.01029796556134658,JST_R6_EQ_TR,0.23200000822544098,0.4610824474779529,0.3567453829280218,0.004748211165069352
1934,BEL,true,,1933,1587594896.1372545,0.02022488310093462,JST_R6_EQ_TR,-0.188296839594841,0.05599097553396426,-0.019418183455398252,0.0011324109348817175
1934,CAN,true,,1933,443609973.55878353,0.005651290439056331,KZ_R1_EQ_TR_FALLBACK,0.18393529951572418,0.1928532341468312,0.10767063195719673,0.001089869638275079
1934,CHE,false,missing_start_market_cap,1933,,,JST_R6_EQ_TR,-0.07246813923120499,,,
1934,DEU,true,,1933,2810062433.6242676,0.03579829109091894,JST_R6_EQ_TR,0.1400829404592514,0.22775812907441884,0.14008294045925118,0.008153351802929134
1934,DNK,true,,1933,248366743.9059104,0.0031640240050397135,JST_R6_EQ_TR,0.23683631420135498,0.45921361168775476,0.3550100021942524,0.0014529628908210416
1934,ESP,true,,1933,672295159.7386671,0.008564584736396874,JST_R6_EQ_TR,-0.01797538809478283,-0.012631036465366785,-0.0831398427690343,-0.0001081795821161527
1934,FIN,true,,1933,79660437.72356012,0.0010148199925864446,JST_R6_EQ_TR,0.15350878238677979,0.3714260586563225,0.27349142844125285,0.0003769305900920215
1934,FRA,true,,1933,5354610672.657291,0.06821411127549248,JST_R6_EQ_TR,-0.07379765808582306,0.20930156656941357,0.12294437582409823,0.014277320352100874
1934,GBR,true,,1933,19008210149.862,0.24215171589070256,JST_R6_EQ_TR,0.14047059416770935,0.3559247366427174,0.2590970682136404,0.08618778570598043
1934,ITA,true,,1933,991277520.655306,0.012628203847604578,JST_R6_EQ_TR,0.18434560298919678,0.5112574372389547,0.40333733659511783,0.006456263136057423
1934,JPN,true,,1933,581312922.2424316,0.007405532687224912,JST_R6_EQ_TR,0.05998978763818741,0.22669441299374804,0.13909518519349784,0.001678792885436465
1934,NLD,true,,1933,88148.31805962877,0.0000011229498360303786,JST_R6_EQ_TR,0.10269230604171753,0.436598324729911,0.33400969094103705,4.902780171665916e-7
1934,NOR,true,,1933,126394598.82463728,0.0016101815343684581,JST_R6_EQ_TR,0.1166360080242157,0.08212933286895563,0.004853612905434623,0.0001322431352155928
1934,PRT,true,,1933,50015739.62647603,0.0006371666283467361,JST_R6_EQ_TR,0.2738158404827118,0.4990109256053814,0.3919653581386622,0.00031795310897616484
1934,SWE,true,,1933,515196548.41802496,0.006563254890218998,JST_R6_EQ_TR,0.296129047870636,0.25127126763123986,0.16191698701164148,0.0016491573760522614
1934,USA,true,,1933,45220054626.46484,0.5760728513699257,JST_R6_EQ_TR,-0.026078233495354652,-0.026078233495354652,-0.09562676471875187,-0.015022962328359658
1935,AUS,true,,1934,1052873092.3012332,0.012281913183574907,JST_R6_EQ_TR,0.10100000351667404,0.0752786432636936,0.07447659554370567,0.0009245657611419908
1935,BEL,true,,1934,1646646608.5858,0.01920836503331652,JST_R6_EQ_TR,0.5263822078704834,0.20764653817606282,0.20674575756578717,0.003988550503190309
1935,CAN,true,,1934,4101849506.7882543,0.047848653273446264,KZ_R1_EQ_TR_FALLBACK,0.2881239354610443,0.2593414368409497,0.2584020971317196,0.012409138490839964
1935,CHE,false,missing_start_market_cap,1934,,,JST_R6_EQ_TR,-0.11325202882289886,,,
1935,DEU,true,,1934,3344114885.997772,0.03900957200449962,JST_R6_EQ_TR,0.16027472913265228,0.1611408212419827,0.1602747291326525,0.006286034469103327
1935,DNK,true,,1934,319376157.04329914,0.003725567936337118,JST_R6_EQ_TR,0.08058654516935349,0.050980786486025664,0.050196862478204096,0.00018993238350158587
1935,ESP,true,,1934,658004092.2619048,0.0076757105815422905,JST_R6_EQ_TR,0.5931804776191711,0.6017010915893948,0.600506386647881,0.004618483435638265
1935,FIN,true,,1934,102655886.9952724,0.001197495406690559,JST_R6_EQ_TR,0.12974447011947632,0.09928567313096104,0.0984657186258906,0.0001188941375245061
1935,FRA,true,,1934,5760029910.749826,0.06719156165725598,JST_R6_EQ_TR,0.00704527460038662,0.011964500313003334,0.011209678457971162,0.000803913460479422
1935,GBR,true,,1934,24435586232.682617,0.28504456129998734,JST_R6_EQ_TR,0.13990840315818787,0.1091755785632369,0.10834824720180225,0.031119904896230163
1935,ITA,true,,1934,1424315041.058684,0.016614835926814384,JST_R6_EQ_TR,0.11863307654857635,0.07757808940926769,0.07677432653800254,0.0012889472270507193
1935,JPN,true,,1934,732079164.6389245,0.008539806752917604,JST_R6_EQ_TR,0.0933295413851738,0.058770274272424095,0.057980540104642486,0.000501886785102467
1935,NLD,true,,1934,69195.00440786843,8.07169489930679e-7,JST_R6_EQ_TR,0.05199999734759331,0.057200159848024956,0.05641159682476671,4.617022384848361e-8
1935,NOR,true,,1934,124336037.08764678,0.0014503974166179183,JST_R6_EQ_TR,0.3199999928474426,0.3157713087895282,0.31478987817630855,0.00045799389051039065
1935,PRT,true,,1934,69682692.30699988,0.000812858438087499,JST_R6_EQ_TR,0.061398644000291824,0.026534546008225357,0.02576885639161053,0.000021568829623606945
1935,SWE,true,,1934,608089862.7711376,0.007093454051564181,JST_R6_EQ_TR,0.10154305398464203,0.0983825905766087,0.09756330967861504,0.000697872385729025
1935,USA,true,,1934,41345787048.33984,0.4823044398678579,JST_R6_EQ_TR,0.4589632749557495,0.4589632749557495,0.45787503780386785,0.22136002524745044
1936,AUS,true,,1935,1033444045.1194793,0.009731842879674163,JST_R6_EQ_TR,0.1979999989271164,0.21534562498890875,0.2150435256538381,0.002095709787217294
1936,BEL,true,,1935,1813134908.6629696,0.01707411652724786,JST_R6_EQ_TR,0.2667202055454254,0.16309056546595602,0.16280145520856948,0.0027846273192604788
1936,CAN,true,,1935,4852763567.346096,0.04569800638229942,KZ_R1_EQ_TR_FALLBACK,0.2315988540649414,0.2442374858351677,0.2439282048294915,0.011161166186492258
1936,CHE,false,missing_start_market_cap,1935,,,JST_R6_EQ_TR,0.5251672863960266,,,
1936,DEU,true,,1935,3620607410.2401733,0.034094910713204314,JST_R6_EQ_TR,0.2989019751548767,0.299224924427665,0.2989019751548767,0.010202047081526546
1936,DNK,true,,1935,315153419.0466856,0.002967769345267133,JST_R6_EQ_TR,0.144076406955719,0.16006966446968907,0.15978130511983335,0.00047504984332033876
1936,ESP,true,,1935,810910803.4535761,0.007636268810013959,JST_R6_EQ_TR,-0.06590405106544495,-0.15908360139568545,-0.15929262858897508,-0.001214805143522566
1936,FIN,true,,1935,99966741.65233919,0.0009413771626513834,JST_R6_EQ_TR,0.45579013228416443,0.4760496371072045,0.4756827343885599,0.0004481422566612009
1936,FRA,true,,1935,6101406307.549074,0.05745635461400877,JST_R6_EQ_TR,0.17633824050426483,0.0895297141965703,0.08925888901282764,0.005144051007368998
1936,GBR,true,,1935,27274975589.677402,0.25684581399373285,JST_R6_EQ_TR,0.19197221100330353,0.20856029346259408,0.20825988076225532,0.05356783834117178
1936,ITA,true,,1935,1464742286.9180896,0.013793336816657007,JST_R6_EQ_TR,0.35734307765960693,0.20007181104147098,0.19977350832930552,0.0027596578772135657
1936,JPN,true,,1935,772386820.9489888,0.007273492183060136,JST_R6_EQ_TR,0.08184301108121872,0.09125034161235979,0.09097908873102445,0.000663708646419066
1936,NLD,true,,1935,35211.26580958377,3.315810934047184e-7,JST_R6_EQ_TR,0.23799999058246613,0.1788499491212754,0.17855692154257263,5.9303261685010744e-8
1936,NOR,true,,1935,152773312.36138493,0.0014386515449285806,JST_R6_EQ_TR,0.3531706929206848,0.34818725064378553,0.34785213077039656,0.0005009201260631169
1936,PRT,true,,1935,71629450.73536213,0.0006745276276988108,JST_R6_EQ_TR,0.09477591514587402,0.10840737776417098,0.10813186014603415,0.00007312377134831505
1936,SWE,true,,1935,654822335.0253807,0.006166398760207287,JST_R6_EQ_TR,0.39945775270462036,0.3920702089102195,0.39172418101837003,0.0024176612501381894
1936,USA,true,,1935,57153266906.73828,0.538206801058255,JST_R6_EQ_TR,0.36349692940711975,0.36349692940711975,0.3631580039958826,0.19563651957070427
1937,AUS,true,,1936,1275960087.8835938,0.009780673846247333,JST_R6_EQ_TR,0.024000000208616257,0.018381938267704845,0.016613036637959544,0.00017978774285827377
1937,BEL,true,,1936,1968997803.9940453,0.015093046802730332,JST_R6_EQ_TR,-0.05840388312935829,-0.060660345007607086,-0.06229195234878482,-0.000915549426269583
1937,CAN,true,,1936,6169469842.217445,0.04729111271111546,KZ_R1_EQ_TR_FALLBACK,-0.15906308591365814,-0.16001527993360765,-0.16147431046474026,-0.0075673006388409314
1937,CHE,false,missing_start_market_cap,1936,,,JST_R6_EQ_TR,0.0778479129076004,,,
1937,DEU,true,,1936,4346050534.057617,0.033313975254063384,JST_R6_EQ_TR,0.017761338502168655,0.01953223817144889,0.017761338502168655,0.0006506964991001206
1937,DNK,true,,1936,371599587.8128653,0.0028484389161623656,JST_R6_EQ_TR,-0.005098729860037565,-0.010478117465622994,-0.01219688996630297,-0.00002984627755720111
1937,ESP,true,,1936,699850491.2995628,0.005364595226399787,JST_R6_EQ_TR,0.08781150728464127,-0.46530539949287775,-0.46623414941931685,-0.0024961751249375375
1937,FIN,true,,1936,146934183.27025047,0.0011263011571269145,JST_R6_EQ_TR,-0.010937025770545006,-0.016315025136103167,-0.018023659087479493,-0.000018375631689347693
1937,FRA,true,,1936,6260664021.656897,0.047990147527520156,JST_R6_EQ_TR,-0.052771586924791336,-0.37316443096544294,-0.3742532272392002,-0.017908216094054717
1937,GBR,true,,1936,32187626802.6606,0.2467292532352885,JST_R6_EQ_TR,-0.13043372333049774,-0.1351619630948896,-0.13666416315899266,-0.033348410220217735
1937,ITA,true,,1936,1649992727.096355,0.012647762939965806,JST_R6_EQ_TR,0.12190339714288712,-0.19060533492463816,-0.19201123136521558,-0.002410731091219609
1937,JPN,true,,1936,818731070.9623917,0.006275855842916054,JST_R6_EQ_TR,0.17716388404369354,0.17037907779560313,0.16834616128330326,0.0010692745308941848
1937,NLD,true,,1936,153459.27563509325,0.0000011763182390428718,JST_R6_EQ_TR,0.6067575812339783,0.37167409739405355,0.36929153692711614,4.372070197444219e-7
1937,NOR,true,,1936,194341586.96081665,0.0014896952458588741,JST_R6_EQ_TR,0.12493059039115906,0.14517428009577382,0.14318514362910628,0.00021626543487965883
1937,PRT,true,,1936,80356087.79812609,0.0006159571085154409,JST_R6_EQ_TR,0.02783464454114437,0.020136957038690673,0.018365006989244037,0.00001240350183185156
1937,SWE,true,,1936,863690612.8069775,0.006620486226918096,JST_R6_EQ_TR,-0.006134969647973776,0.012594243843027098,0.010835395280520688,0.00008338001790120894
1937,USA,true,,1936,73422859191.89453,0.5628115216409325,JST_R6_EQ_TR,-0.3071512281894684,-0.3071512281894684,-0.3083546875945983,-0.172868250111196
1938,AUS,true,,1937,1281768064.5034862,0.013433400815724706,JST_R6_EQ_TR,-0.004999999888241291,-0.016013171707842,-0.02807183381926559,-0.00021511135388246452
1938,BEL,true,,1937,1793569635.4737997,0.018797269546238782,JST_R6_EQ_TR,-0.08698742091655731,-0.08601567148281197,-0.0972164598224835,-0.0016168597620631411
1938,CAN,true,,1937,4860040706.111908,0.050935014371128774,KZ_R1_EQ_TR_FALLBACK,0.07209713757038116,0.06261383339216553,0.04959160504177129,0.003189236503661414
1938,CHE,false,missing_start_market_cap,1937,,,JST_R6_EQ_TR,0.017958728596568108,,,
1938,DEU,true,,1937,4430500312.805175,0.04643327304238959,JST_R6_EQ_TR,-0.027276359498500824,-0.015207827978631072,-0.027276359498500824,-0.0007061492289134684
1938,DNK,true,,1937,347734250.0440818,0.0036443828548709195,JST_R6_EQ_TR,0.028394000604748726,0.016992338616376612,0.0045291972117640356,0.00006192658751768397
1938,ESP,true,,1937,339939716.9572928,0.0035626932808941916,JST_R6_EQ_TR,0.08781150728464127,0.006468248542898181,-0.005865921169637356,0.000023044385622936993
1938,FIN,true,,1937,144896144.59485123,0.001518564895552947,JST_R6_EQ_TR,0.01903979294002056,0.008077017661448416,-0.004276867358912528,0.000012265475481436722
1938,FRA,true,,1937,4044370003.783755,0.04238648536540556,JST_R6_EQ_TR,0.05885542556643486,-0.246778796998129,-0.256009448995701,-0.010460085867453584
1938,GBR,true,,1937,26339650213.040752,0.27604922330065024,JST_R6_EQ_TR,-0.09789854288101196,-0.10760330183290312,-0.11853953587906862,-0.02970380789555834
1938,ITA,true,,1937,1431900671.4014885,0.015006845762452833,JST_R6_EQ_TR,-0.01621580682694912,-0.016267557705075042,-0.028323102341042294,-0.00024412472941186234
1938,JPN,true,,1937,1000724017.5362754,0.010487955821160612,JST_R6_EQ_TR,-0.023710934445261955,-0.03757867685370986,-0.049373055813836,-0.00039412350265937985
1938,NLD,true,,1937,333988.8706082338,0.000003500326222130976,JST_R6_EQ_TR,-0.04592307657003403,-0.04655286495669775,-0.0582372661214442,-1.6295021392325135e-7
1938,NOR,true,,1937,213945323.4835822,0.002242225690119792,JST_R6_EQ_TR,0.01714663952589035,-0.048713486502316994,-0.06037140946184749,-0.0001092266308907989
1938,PRT,true,,1937,82577498.43647818,0.0008654425598337839,JST_R6_EQ_TR,0.04242356866598129,0.030204386853392107,0.01757933309293369,0.000026140161876609556
1938,SWE,true,,1937,848585262.5208051,0.00889348570419773,JST_R6_EQ_TR,0.08836907148361206,0.01647671665300221,0.004019894144999592,0.0001465354440055918
1938,USA,true,,1937,48255962371.82617,0.5057402366631575,JST_R6_EQ_TR,0.19782213866710663,0.19782213866710663,0.1831429457912841,0.10004661522671446
1939,AUS,true,,1938,1296216779.1819124,0.012772410002237285,JST_R6_EQ_TR,0.05300000309944153,-0.04476758528615654,-0.028092705228807913,-0.0005717899540849165
1939,BEL,true,,1938,1613509717.3182187,0.015898889740641187,JST_R6_EQ_TR,-0.19987210631370544,-0.20188115665258177,-0.18794890751684157,-0.0032096862503325084
1939,CAN,true,,1938,5245671580.88541,0.05168878326851982,KZ_R1_EQ_TR_FALLBACK,-0.014163237996399403,-0.128096779186344,-0.11287652346141763,-0.0066211666567583755
1939,CHE,false,missing_start_market_cap,1938,,,JST_R6_EQ_TR,-0.16496822237968445,,,
1939,DEU,true,,1938,4097076393.127441,0.04037097833013562,JST_R6_EQ_TR,0.1336694359779358,0.11421922506654991,0.1336694359779358,0.00461114186004657
1939,DNK,true,,1938,338010889.9499901,0.0033306262818069083,JST_R6_EQ_TR,0.08144742250442505,0.008197947041704845,0.025797412451410207,0.00002730429787396335
1939,ESP,true,,1938,335199031.0401745,0.0033029193307463956,JST_R6_EQ_TR,0.08781150728464127,1.06492461803008,1.1009706836814774,0.003517360106679273
1939,FIN,true,,1938,144026859.11864486,0.0014191839864615985,JST_R6_EQ_TR,-0.05563109740614891,-0.013156977461018182,0.004069708717966192,-0.000018672171722913186
1939,FRA,true,,1938,3286923482.480161,0.0323880503928629,JST_R6_EQ_TR,0.16453315317630768,0.015707008914318976,0.03343755520459357,0.0005087193962381097
1939,GBR,true,,1938,21995523448.095345,0.21673523148667007,JST_R6_EQ_TR,0.0182711873203516,-0.07655672812855041,-0.06043677076421117,-0.01659254019280344
1939,ITA,true,,1938,1482693362.6499004,0.014609876865899376,JST_R6_EQ_TR,0.4163191616535187,0.3989518478142675,0.42337245363646137,0.005828637371989475
1939,JPN,true,,1938,989886819.5425338,0.009753955139345983,JST_R6_EQ_TR,0.07508634775876999,-0.017063910620553235,0.00009457473020990648,-0.00016644061869468572
1939,NLD,true,,1938,2241289367.625419,0.022084783345448025,JST_R6_EQ_TR,-0.027499999850988388,-0.05706557668628287,-0.04060537478305115,-0.001260280897599607
1939,NOR,true,,1938,186948671.9160896,0.0018421186374342829,JST_R6_EQ_TR,0.037782493978738785,0.009007615736600805,0.026621215013798105,0.00001659309682723868
1939,PRT,true,,1938,82932360.8540014,0.0008171828449476842,JST_R6_EQ_TR,-0.07837256789207458,-0.15940261077671591,-0.14472884089002547,-0.0001302610789666051
1939,SWE,true,,1938,857395028.2013786,0.008448433171015858,JST_R6_EQ_TR,-0.1976119428873062,-0.20475535623220176,-0.19087328015645488,-0.0017298619435353018
1939,USA,true,,1938,57292381286.62109,0.5645365771758268,JST_R6_EQ_TR,0.02364066056907177,0.02364066056907177,0.041509699531623756,0.013346017599839312
1940,AUS,true,,1939,1168757114.7583008,0.01276563565107993,JST_R6_EQ_TR,0.03500000014901161,-0.1062295544584515,-0.1035469017954952,-0.0013560877875931454
1940,BEL,true,,1939,1279767835.4763148,0.013978139426377177,JST_R6_EQ_TR,1.2579715251922607,1.261821206556954,1.26861006460565,0.01763791275641258
1940,CAN,true,,1939,4382526358.821869,0.047867716928973354,KZ_R1_EQ_TR_FALLBACK,-0.20429429411888123,-0.22708068966101913,-0.22476077177105702,-0.010869834172729709
1940,CHE,false,missing_start_market_cap,1939,,,JST_R6_EQ_TR,0.03621809557080269,,,
1940,DEU,true,,1939,4146549246.7880254,0.04529027992672582,JST_R6_EQ_TR,0.3376937210559845,0.3336906475765149,0.3376937210559845,0.015112942837670772
1940,DNK,true,,1939,299793014.5605177,0.0032744599765793976,JST_R6_EQ_TR,0.01573232375085354,-0.0360829491604584,-0.03318975140906388,-0.00011815217286287021
1940,ESP,true,,1939,686210751.0570362,0.00749507003399897,JST_R6_EQ_TR,0.09783615171909332,-0.03729930493471545,-0.034409758076090036,-0.0002795609027051757
1940,FIN,true,,1939,136546952.73194367,0.001491420780100835,JST_R6_EQ_TR,0.21878299117088318,0.08567270184498788,0.08893134927423763,0.00012777404781899807
1940,FRA,true,,1939,287740109.6931674,0.0031428132981285535,JST_R6_EQ_TR,0.47404372692108154,0.22295128409097575,0.2266219732878474,0.0007006942604759556
1940,GBR,true,,1939,19501079212.53551,0.2129986366599006,JST_R6_EQ_TR,-0.048894740641117096,-0.17857435470919913,-0.17610884501848123,-0.038036094095480914
1940,ITA,true,,1939,2101683534.8776817,0.022955433529635055,JST_R6_EQ_TR,0.1802414059638977,0.14496325919558317,0.1483998672772111,0.003327694460703467
1940,JPN,true,,1939,1008371673.2645208,0.011013841301344057,JST_R6_EQ_TR,0.09559104591608047,-0.012172007780583027,-0.009207041320694609,-0.00013406056201406655
1940,NLD,false,missing_start_market_cap,1939,,,JST_R6_EQ_TR,1.3007243871688843,,,
1940,NOR,true,,1939,189250127.61896306,0.0020670660700993207,JST_R6_EQ_TR,0.15718065202236176,0.15891050074759394,0.1623889714852058,0.00032847850427784414
1940,PRT,true,,1939,75186984.1699076,0.0008212225050839957,JST_R6_EQ_TR,-0.012486075982451439,-0.0923428161576344,-0.08961848243924786,-0.0000758339988114834
1940,SWE,true,,1939,675000000,0.007372621698444942,JST_R6_EQ_TR,0.115699402987957,0.11543382350617004,0.11878179896441798,0.000851049911916053
1940,USA,true,,1939,55616485595.703125,0.607465642213528,JST_R6_EQ_TR,-0.0945836752653122,-0.0945836752653122,-0.09186606748721893,-0.05745633303795865
1941,AUS,true,,1940,920919015.0878907,0.010961030393576154,JST_R6_EQ_TR,-0.054999999701976776,-0.0050806131349164785,-0.009797684966276754,-0.000055688754989821745
1941,BEL,true,,1940,2372051717.5894666,0.02823280934116803,JST_R6_EQ_TR,0.7595657110214233,0.6744876924951757,0.6665486787112382,0.019042682425180667
1941,CAN,true,,1940,3574909859.5152507,0.04254955645660331,KZ_R1_EQ_TR_FALLBACK,0.001411677454598248,0.027739296889818243,0.02286662061941569,0.001180294779079802
1941,CHE,false,missing_start_market_cap,1940,,,JST_R6_EQ_TR,0.3466092646121979,,,
1941,DEU,true,,1940,5234368429.756165,0.06230088695069146,JST_R6_EQ_TR,0.0747654065489769,0.0798853154277801,0.0747654065489769,0.004976926005486456
1941,DNK,true,,1940,281114107.4036367,0.003345897114547276,JST_R6_EQ_TR,0.2533999979496002,0.25669065823728365,0.2507324869693752,0.0008588605327273684
1941,ESP,true,,1940,697395044.9974132,0.00830058686953761,JST_R6_EQ_TR,0.30140000581741333,0.27464222647951364,0.26859894395736483,0.0022796916589364257
1941,FIN,true,,1940,141311386.62600908,0.001681926834378863,JST_R6_EQ_TR,0.4565349817276001,0.49435371116387383,0.48726874137629084,0.000831466772481297
1941,FRA,true,,1940,909992422.7948811,0.010830979098880644,JST_R6_EQ_TR,0.5289880037307739,0.5731648356957098,0.565706209770318,0.006207936355633591
1941,GBR,true,,1940,16127585999.49358,0.19195494654716336,JST_R6_EQ_TR,0.22733333706855774,0.2921642512443565,0.28603789400224766,0.05608237323060246
1941,ITA,true,,1940,2118201462.2619314,0.025211414062673722,JST_R6_EQ_TR,0.2895455062389374,0.2971496447380064,0.2909996509485273,0.007491562732066276
1941,JPN,true,,1940,1044838250.9523987,0.01243595108519633,JST_R6_EQ_TR,-0.17919501662254333,-0.17919501662254333,-0.1830865842382169,-0.0022284604614288923
1941,NLD,true,,1940,691029.2658815726,0.000008224819622663183,JST_R6_EQ_TR,-0.2770136594772339,-0.27612915491170065,-0.27956114228473594,-0.000002271112491707157
1941,NOR,true,,1940,213355269.11956418,0.002539412859474915,JST_R6_EQ_TR,0.21721936762332916,0.21876170947453977,0.2129833654149096,0.0005555262982003616
1941,PRT,true,,1940,77260697.12274417,0.0009195779819037163,JST_R6_EQ_TR,0.2881705164909363,0.38928831370187655,0.38270147575629143,0.0003579809618926725
1941,SWE,true,,1940,685789097.8338492,0.008162449707070701,JST_R6_EQ_TR,0.24374791979789734,0.24493328831807615,0.23903086062013812,0.0019992556474837443
1941,USA,true,,1940,49617774963.37891,0.5905643498775113,JST_R6_EQ_TR,-0.10066476464271545,-0.10066476464271545,-0.10492865673453666,-0.05944902128679794
1942,AUS,true,,1941,790807022.0703125,0.009337903057716295,JST_R6_EQ_TR,0.18400000035762787,0.18481075732998442,0.18481075732998442,0.0017257449359705257
1942,BEL,true,,1941,3617637735.15625,0.04271731222161788,JST_R6_EQ_TR,0.08186884969472885,0.08234989409210325,0.08234989409210325,0.00351776613734954
1942,CAN,true,,1941,3353896979.4426727,0.03960304345504229,KZ_R1_EQ_TR_FALLBACK,0.11012032628059387,0.15598362598905946,0.15598362598905946,0.006177426318319786
1942,CHE,false,missing_start_market_cap,1941,,,JST_R6_EQ_TR,0.06427798420190811,,,
1942,DEU,true,,1941,5688249698.5522175,0.06716723899859585,JST_R6_EQ_TR,0.1425996869802475,0.1425996869802475,0.1425996869802475,0.00957802725652724
1942,DNK,true,,1941,341530929.21504474,0.004032820421691066,JST_R6_EQ_TR,0.13024911284446716,0.21908550621759892,0.21908550621759892,0.000883532503570858
1942,ESP,true,,1941,906088780.5683883,0.010699157896298621,JST_R6_EQ_TR,0.13562317192554474,0.13592393057381713,0.13592393057381713,0.0014542715950948012
1942,FIN,true,,1941,208795376.7154937,0.002465469997426605,JST_R6_EQ_TR,0.30703994631767273,0.30809486152858323,0.30809486152858323,0.0007595986374600263
1942,FRA,true,,1941,1086240112.7815247,0.012826397069669464,JST_R6_EQ_TR,0.5363517999649048,0.5363517999649048,0.5363517999649048,0.006879461155381798
1942,GBR,true,,1941,20886152021.346554,0.24662510243455896,JST_R6_EQ_TR,0.184369757771492,0.1853256655663036,0.1853256655663036,0.045705961254042436
1942,ITA,true,,1941,3293920017.9433155,0.03889483141778552,JST_R6_EQ_TR,0.1954246461391449,-0.8954595766930851,-0.8954595766930851,-0.034828749276919126
1942,JPN,true,,1941,911092968.6292555,0.01075824768899245,JST_R6_EQ_TR,0.24850156903266907,0.24268104889731856,0.24268104889731856,0.0026108228334618413
1942,NLD,false,missing_start_market_cap,1941,,,JST_R6_EQ_TR,0.107944056391716,,,
1942,NOR,true,,1941,253978924.02392614,0.0029990003945964544,JST_R6_EQ_TR,0.2305046021938324,0.23256033780608942,0.23256033780608942,0.000697448544847947
1942,PRT,true,,1941,107140189.31154343,0.0012651186363486925,JST_R6_EQ_TR,0.7464381456375122,0.7574135398146655,0.7574135398146655,0.0009582179846423657
1942,SWE,true,,1941,801048367.8818203,0.00945883356503279,JST_R6_EQ_TR,0.145844504237175,0.1477588029316046,0.1477588029316046,0.001397625924698527
1942,USA,true,,1941,42441280364.990234,0.501149522744627,JST_R6_EQ_TR,0.15410959720611572,0.15410959720611572,0.15410959720611572,0.0772319510902116
1943,AUS,true,,1942,770099591.4459229,0.008518474251389654,JST_R6_EQ_TR,0.08899999409914017,0.09299694586597362,0.09299694586597362,0.0007921920888171738
1943,BEL,true,,1942,4113816378.348214,0.0455050739971274,JST_R6_EQ_TR,-0.08733639121055603,-0.08733639121055603,-0.08733639121055603,-0.003974248944678419
1943,CAN,true,,1942,3572371834.8003564,0.039515872789907015,KZ_R1_EQ_TR_FALLBACK,0.1782429814338684,0.1782429814338684,0.1782429814338684,0.007043426980034502
1943,CHE,false,missing_start_market_cap,1942,,,JST_R6_EQ_TR,-0.015993637964129448,,,
1943,DEU,true,,1942,6414528678.763996,0.07095445575066067,JST_R6_EQ_TR,0.04271024838089943,0.04271024838089943,0.04271024838089943,0.0030304824288422553
1943,DNK,true,,1942,389633331.2220106,0.004309938008493208,JST_R6_EQ_TR,0.1349419355392456,0.14026055702251328,0.14026055702251328,0.000604514305803759
1943,ESP,true,,1942,1097765678.510274,0.012142960170763469,JST_R6_EQ_TR,-0.07233235985040665,-0.07233235985040665,-0.07233235985040665,-0.0008783289647208186
1943,FIN,true,,1942,295498918.91639096,0.0032686680528897743,JST_R6_EQ_TR,-0.015148509293794632,-0.015148509293794632,-0.015148509293794632,-0.00004951544837753035
1943,FRA,true,,1942,1115538009.5754352,0.012339549217488576,JST_R6_EQ_TR,-0.17693762481212616,-0.17693762481212616,-0.17693762481212616,-0.0021833305297947587
1943,GBR,true,,1942,23916452714.18266,0.2645523889291005,JST_R6_EQ_TR,0.1104000061750412,0.1104000061750412,0.1104000061750412,0.029206585371394596
1943,ITA,true,,1942,346676703.80560166,0.0038347722914381377,JST_R6_EQ_TR,1.0191632509231567,0.691743739224455,0.691743739224455,0.0026526797239537487
1943,JPN,true,,1942,1216198623.1658936,0.013453008897929941,JST_R6_EQ_TR,0.23009781539440155,0.23009781539440155,0.23009781539440155,0.003095507957895125
1943,NLD,true,,1942,57441.65857987744,6.353922207010569e-7,JST_R6_EQ_TR,0.2109404057264328,0.2109404057264328,0.2109404057264328,1.340298928301001e-7
1943,NOR,true,,1942,308014302.19773173,0.00340710725142019,JST_R6_EQ_TR,0.06493221968412399,0.06493221968412399,0.06493221968412399,0.00022123103653658768
1943,PRT,true,,1942,190593806.39699212,0.0021082577504277647,JST_R6_EQ_TR,0.02153950184583664,0.02153950184583664,0.02153950184583664,0.00004541082170683824
1943,SWE,true,,1942,878997613.3651551,0.009723052212539484,JST_R6_EQ_TR,0.1179223284125328,0.1179223284125328,0.1179223284125328,0.0011465649561792847
1943,USA,true,,1942,45777221679.6875,0.5063657850362033,JST_R6_EQ_TR,0.2699579894542694,0.2699579894542694,0.2699579894542694,0.13669748925680622
1944,AUS,true,,1943,841569292.3828124,0.008197680102289768,JST_R6_EQ_TR,0.07999999821186066,0.08040163450721671,0.08040163450721671,0.0006591068793913848
1944,BEL,true,,1943,3772776646.205357,0.03675040941122251,JST_R6_EQ_TR,0.1462046355009079,-0.18624176145821958,-0.18624176145821958,-0.0068444609830568106
1944,CAN,true,,1943,4223287802.6508145,0.04113881376066798,KZ_R1_EQ_TR_FALLBACK,0.11574163287878036,0.11574163287878036,0.11574163287878036,0.004761473479355752
1944,CHE,false,missing_start_market_cap,1943,,,JST_R6_EQ_TR,0.05572018772363663,,,
1944,DEU,true,,1943,6597904143.550179,0.06426982068375331,JST_R6_EQ_TR,0.03170304745435715,0.03170304745435715,0.03170304745435715,0.002037549175020056
1944,DNK,true,,1943,453725252.8001698,0.004419712684923425,JST_R6_EQ_TR,0.10178676247596741,0.10178676247596741,0.10178676247596741,0.00044986824527232087
1944,ESP,true,,1943,1054840361.0159818,0.010275141829508934,JST_R6_EQ_TR,0.019766593351960182,0.019766593351960182,0.019766593351960182,0.00020310455017761927
1944,FIN,true,,1943,305244772.66173196,0.0029733725099356408,JST_R6_EQ_TR,-0.04062843695282936,-0.04062843695282936,-0.04062843695282936,-0.00012080347755719617
1944,FRA,false,missing_start_market_cap,1943,,,JST_R6_EQ_TR,-0.1168389767408371,,,
1944,GBR,true,,1943,25138905011.809,0.24487668843662766,JST_R6_EQ_TR,0.12449999898672104,0.12449999898672104,0.12449999898672104,0.03048714746223175
1944,ITA,true,,1943,701429151.4516131,0.00683258271192396,JST_R6_EQ_TR,1.5152757167816162,0.17808262936032193,0.17808262936032193,0.001216764294661298
1944,JPN,true,,1943,1600281044.4688277,0.01558824947042652,JST_R6_EQ_TR,0.07221201062202454,0.07221201062202454,0.07221201062202454,0.0011256588363372083
1944,NLD,true,,1943,112250.43019013744,0.00000109342525490412,JST_R6_EQ_TR,0.06342857331037521,0.06342857331037521,0.06342857331037521,6.935440394010168e-8
1944,NOR,true,,1943,324328161.912431,0.0031592627530334662,JST_R6_EQ_TR,-0.02272319234907627,-0.02272319234907627,-0.02272319234907627,-0.0000717885352184517
1944,PRT,true,,1943,194746315.7635999,0.0018970131303261751,JST_R6_EQ_TR,0.13804632425308228,0.13804632425308228,0.13804632425308228,0.0002618756897013618
1944,SWE,true,,1943,970883054.8926014,0.009457318337041942,JST_R6_EQ_TR,0.15341146290302277,0.15341146290302277,0.15341146290302277,0.0014508610412251868
1944,USA,true,,1943,56479412078.85742,0.5501628407530639,JST_R6_EQ_TR,0.19686411321163177,0.19686411321163177,0.19686411321163177,0.10830731976684412
1945,AUS,true,,1944,807322179.3823242,0.00749268991546435,JST_R6_EQ_TR,0.14100000262260437,0.13817224549094997,2.01773005613304,0.0010352817903871052
1945,BEL,true,,1944,3083147206.818649,0.02861443247118097,JST_R6_EQ_TR,-0.018135979771614075,-0.018135979771614075,1.6032971517423804,-0.000518950768473555
1945,CAN,true,,1944,4917411910.919915,0.045638090437851546,KZ_R1_EQ_TR_FALLBACK,0.3388819098472595,0.3388819098472595,2.5498881623282466,0.015465923249361085
1945,CHE,false,missing_start_market_cap,1944,,,JST_R6_EQ_TR,0.16046442091464996,,,
1945,DEU,false,missing_end_fx,1944,6944822995.2292,,JST_R6_EQ_TR,-0.13434875011444092,,,
1945,DNK,true,,1944,449201843.3914548,0.004169004900326463,JST_R6_EQ_TR,-0.08303241431713104,-0.08438856660539928,1.4276361976320144,-0.00035181634770943576
1945,ESP,true,,1944,1132339915.097032,0.010509152454124992,JST_R6_EQ_TR,0.1719476580619812,0.1719476580619812,2.107281596400945,0.0018070241527031146
1945,FIN,true,,1944,293958079.3041907,0.0027282004540701735,JST_R6_EQ_TR,1.056167721748352,-0.26412877655150724,0.9510761374136549,-0.0007205962481208214
1945,FRA,false,missing_start_market_cap,1944,,,JST_R6_EQ_TR,-0.20052199065685272,,,
1945,GBR,true,,1944,27518532178.015167,0.2553972054828818,JST_R6_EQ_TR,0.06461538374423981,0.06332806163572213,1.8192894914105677,0.01617380997041113
1945,ITA,true,,1944,667174729.7842847,0.006191993106806512,JST_R6_EQ_TR,-0.46599438786506653,-0.47857738196733157,0.3824908423294291,-0.0029633478502152245
1945,JPN,true,,1944,1748669928.8052645,0.016229259985225956,JST_R6_EQ_TR,0.038293447345495224,-0.35445233491127914,0.7115938288975159,-0.005752499095645532
1945,NLD,true,,1944,33753.06222587824,3.132593596640331e-7,JST_R6_EQ_TR,-0.0835932195186615,-0.3501484144997472,0.7230051684698333,-1.0968726811356725e-7
1945,NOR,true,,1944,312891230.3114279,0.002903917451872,JST_R6_EQ_TR,-0.10638986527919769,-0.17029256597433917,1.1998718308020515,-0.0004945155542569475
1945,PRT,true,,1944,233882564.64774245,0.0021706446054533435,JST_R6_EQ_TR,0.07121516019105911,0.06991985769989717,1.8367668646162199,0.0001517711619303472
1945,SWE,true,,1944,1073508353.221957,0.009963141627679408,JST_R6_EQ_TR,0.10070767253637314,0.10070767253637314,1.9183971403172548,0.0010033648044738455
1945,USA,true,,1944,65509902954.10156,0.6079919538477029,JST_R6_EQ_TR,0.37328243255615234,0.37328243255615234,2.641097108721535,0.22695271550683843
1946,AUS,true,,1945,1123632403.5644531,0.008168660572534856,JST_R6_EQ_TR,0.13300000131130219,0.13067770317196836,1.9978591572400535,0.001067461801610271
1946,BEL,true,,1945,3156971329.3854547,0.02295076854776257,JST_R6_EQ_TR,-0.09290892630815506,-0.3026379308728011,0.8489736367666563,-0.006945773105235427
1946,CAN,true,,1945,6659228036.517188,0.048411716619114364,KZ_R1_EQ_TR_FALLBACK,-0.021783879026770592,0.0034653643051563154,1.6605705789688727,0.0001677642347232217
1946,CHE,false,missing_start_market_cap,1945,,,JST_R6_EQ_TR,0.07589972764253616,,,
1946,DEU,false,missing_start_fx,1945,,,JST_R6_EQ_TR,-0.09704092890024185,,,
1946,DNK,true,,1945,418260646.1935794,0.0030407001780707013,JST_R6_EQ_TR,0.057748839259147644,-0.37660191599314286,0.6528668156301478,-0.0011451335130221168
1946,ESP,true,,1945,1388115724.885845,0.010091419717000194,JST_R6_EQ_TR,0.35947513580322266,-0.48668094010188667,0.3610052095166898,-0.00491130163483237
1946,FIN,true,,1945,211287343.20190167,0.0015360313430031946,JST_R6_EQ_TR,-0.18748058378696442,-0.724331053155344,-0.26909615857235925,-0.0011125952003571214
1946,FRA,true,,1945,8505975416.728427,0.061837328468958334,JST_R6_EQ_TR,0.2732030153274536,-0.8148164540586531,-0.5090075735879123,-0.05038607271153683
1946,GBR,true,,1945,27435587952.570396,0.19945313510141993,JST_R6_EQ_TR,0.17731250822544098,-0.12372630012780428,1.3233368165313006,-0.024677598454989777
1946,ITA,true,,1945,362688631.52809685,0.002636698901768761,JST_R6_EQ_TR,1.6019675731658936,1.268846337998708,5.015579640120929,0.0033455657459145077
1946,JPN,false,missing_equity_return,1945,1194050152.7408235,,,,,,
1946,NLD,false,missing_start_market_cap,1945,,,JST_R6_EQ_TR,-0.1048627495765686,,,
1946,NOR,true,,1945,262032822.85995302,0.0019049443412418718,JST_R6_EQ_TR,-0.026080334559082985,-0.34358688722353614,0.7404022875385878,-0.0006545138965413843
1946,PRT,true,,1945,270445892.9342544,0.001966106260025906,JST_R6_EQ_TR,-0.05889206379652023,-0.07527329355720358,1.4518042737350583,-0.00014799529367558566
1946,SWE,true,,1945,1141766109.7852027,0.008300490244382576,JST_R6_EQ_TR,0.14259809255599976,0.22756051482298445,2.2547325556208366,0.0018888638332948589
1946,USA,true,,1945,86618064880.3711,0.6297019997047167,JST_R6_EQ_TR,-0.08597806841135025,-0.08597806841135025,1.4234218202448479,-0.05414056160937619
1947,AUS,true,,1946,1230965791.2719727,0.010292299188267465,JST_R6_EQ_TR,0.16600000858306885,0.16476629972977253,0.5641147453514086,0.0016958240529625717
1947,BEL,true,,1946,2132860745.6140351,0.017833185192000785,JST_R6_EQ_TR,-0.3096922039985657,-0.19287088467524593,0.08385909772181255,-0.003439502204558687
1947,CAN,true,,1946,6848747335.910797,0.057263456991120856,KZ_R1_EQ_TR_FALLBACK,0.03921521082520485,-0.00549761634397028,0.3354746294809541,-0.0003148125170666252
1947,CHE,false,missing_start_market_cap,1946,,,JST_R6_EQ_TR,0.0986817479133606,,,
1947,DEU,false,missing_start_market_cap,1946,,,JST_R6_EQ_TR,0.08538708835840225,,,
1947,DNK,true,,1946,257973553.22190273,0.002156957578550312,JST_R6_EQ_TR,0.052977100014686584,0.046517117806007535,0.4053229867680672,0.00010033544978398562
1947,ESP,true,,1946,854348329.7413793,0.007143341174094471,JST_R6_EQ_TR,0.43663299083709717,0.003912210464477539,0.3481106826237268,0.00002794625409262566
1947,FIN,true,,1946,85736160.27832031,0.0007168535625396278,JST_R6_EQ_TR,-0.0019897466991096735,-0.026331460194253253,0.30749775345343133,-0.000018875801047120845
1947,FRA,true,,1946,2146508037.1801403,0.01794729234989567,JST_R6_EQ_TR,-0.18458309769630432,-0.0622705623507499,0.25923667341470713,-0.001117587987301315
1947,GBR,true,,1946,23106167793.273926,0.1931943143415441,JST_R6_EQ_TR,-0.02576923370361328,-0.18814102808634448,0.09021061942690878,-0.03634777692065451
1947,ITA,true,,1946,845189615.8854166,0.007066763722589588,JST_R6_EQ_TR,-0.26268690824508667,-0.14925412489817702,0.14243017513673362,-0.0010547436352772927
1947,JPN,false,missing_start_market_cap,1946,,,,,,,
1947,NLD,false,missing_start_market_cap,1946,,,JST_R6_EQ_TR,0.2147907018661499,,,
1947,NOR,true,,1946,174495343.88950893,0.0014589831001027725,JST_R6_EQ_TR,0.09097979217767715,-0.04539268184453249,0.28190125580877057,-0.00006622715567951485
1947,PRT,true,,1946,300135271.27593875,0.0025094783549848222,JST_R6_EQ_TR,-0.05124562233686447,-0.037936442690287286,0.29191391981589976,-0.00009520068179639813
1947,SWE,true,,1946,1292307692.3076923,0.010805188500637664,JST_R6_EQ_TR,-0.03505987673997879,-0.15432213916537474,0.13562455597792522,-0.0016674798035035123
1947,USA,true,,1946,80325225830.07812,0.6716118859436718,JST_R6_EQ_TR,0.048909448087215424,0.048909448087215424,0.40853554457426067,0.03284816667031886
1948,AUS,true,,1947,1644927901.6113281,0.014518160295711735,JST_R6_EQ_TR,0.024000000208616257,0.028466193057808953,-0.10282736350276234,0.00041327675382194694
1948,BEL,true,,1947,1749752564.102564,0.015443344464270656,JST_R6_EQ_TR,0.008931809104979038,-0.08492231267222838,-0.2017407408417311,-0.00131148452729972
1948,CAN,true,,1947,6554988026.618957,0.057854430466954015,KZ_R1_EQ_TR_FALLBACK,0.1383197158575058,0.16964961629395092,0.020332644001106237,0.009814981929623812
1948,CHE,false,missing_start_market_cap,1947,,,JST_R6_EQ_TR,-0.052148569375276566,,,
1948,DEU,false,missing_start_market_cap,1947,,,JST_R6_EQ_TR,-0.8841469287872314,,,
1948,DNK,true,,1947,256475670.93738016,0.0022636584247684075,JST_R6_EQ_TR,0.04570000246167183,-0.11224426874347648,-0.225574787627288,-0.00025408268457313975
1948,ESP,true,,1947,910019013.5542169,0.008031842549441625,JST_R6_EQ_TR,-0.2906784117221832,-0.2150174423058827,-0.31522798158598275,-0.0017269862419844984
1948,FIN,true,,1947,74102835.30630717,0.0006540328243504369,JST_R6_EQ_TR,-0.2529885470867157,-0.4328246376028768,-0.5052300030152754,-0.00028308152017986383
1948,FRA,true,,1947,2591014067.3319497,0.022868332114204457,JST_R6_EQ_TR,-0.10739078372716904,-0.4850331444579822,-0.5507735941016441,-0.011091899033862044
1948,GBR,true,,1947,18159193992.614746,0.16027334022813616,JST_R6_EQ_TR,-0.036758825182914734,0.16744830387830745,0.018412350191715054,0.0268374989781123
1948,ITA,true,,1947,891341980.5021367,0.00786699875328935,JST_R6_EQ_TR,0.2750566601753235,0.13016385788267315,-0.01411237929383824,0.0010239989076863216
1948,JPN,false,missing_start_market_cap,1947,,,JST_R6_EQ_TR,0.4750979244709015,,,
1948,NLD,true,,1947,36716.35929335896,3.240591816661174e-7,JST_R6_EQ_TR,0.13199999928474426,0.29847058741485366,0.132708384766149,9.672213430906283e-8
1948,NOR,true,,1947,172552749.63378906,0.0015229533623906473,JST_R6_EQ_TR,0.1096983402967453,-0.040260894878490494,-0.16278078063868318,-0.00006131546522805349
1948,PRT,true,,1947,298062531.3126252,0.0026307047278506025,JST_R6_EQ_TR,-0.09154870361089706,-0.12147830058495668,-0.23363000689326008,-0.0003195735396801021
1948,SWE,true,,1947,1055955056.1797752,0.00931987642477697,JST_R6_EQ_TR,-0.045005980879068375,-0.18274550286766433,-0.2870758642037071,-0.001703165503910357
1948,USA,true,,1947,78942977905.27344,0.6967520013046733,JST_R6_EQ_TR,0.0725216269493103,0.0725216269493103,-0.06439602755485696,0.050529588714802884
1949,AUS,true,,1948,1640228439.908032,0.01381262137574909,JST_R6_EQ_TR,0.08100000023841858,-0.2489329910377277,-0.7783436388184514,-0.0034384171531368743
1949,BEL,true,,1948,3634397965.116279,0.030605836235688532,JST_R6_EQ_TR,0.21361523866653442,0.2942821245699647,-0.6180289339683762,0.009006750511678832
1949,CAN,true,,1948,7046113757.912171,0.059336430914436813,KZ_R1_EQ_TR_FALLBACK,0.06541451811790466,0.02770072986594352,-0.6967029553322459,0.001643662443970034
1949,CHE,false,missing_start_market_cap,1948,,,JST_R6_EQ_TR,0.14061886072158813,,,
1949,DEU,false,missing_start_market_cap,1948,,,JST_R6_EQ_TR,1.3681889772415161,,,
1949,DNK,true,,1948,205108647.54517874,0.0017272521439711008,JST_R6_EQ_TR,-0.027696968987584114,0.003667644916042212,-0.7037956462564852,0.000006334947544558619
1949,ESP,true,,1948,705481145.8333334,0.0059409675616110165,JST_R6_EQ_TR,-0.1040574461221695,-0.2963801932896618,-0.792346349726949,-0.0017607851142378839
1949,FIN,true,,1948,40217895.5078125,0.0003386812163859335,JST_R6_EQ_TR,0.42893654108047485,1.1374674021702398,-0.36918644960341707,0.00038523884336636463
1949,FRA,true,,1948,1844969712.7709022,0.015536779799805148,JST_R6_EQ_TR,-0.1578512340784073,0.10865153994741306,-0.6728125943082025,0.0016880950510726892
1949,GBR,true,,1948,19371205043.792725,0.1631279609301937,JST_R6_EQ_TR,-0.05700637027621269,-0.25929873308824636,-0.7814027968382385,-0.042298873600468176
1949,ITA,true,,1948,1142039351.0298295,0.00961729279176852,JST_R6_EQ_TR,0.10102730989456177,0.0927489090682867,-0.677505809762774,0.0008919934146268276
1949,JPN,true,,1948,1491365022.8572266,0.01255901915401326,JST_R6_EQ_TR,1.1306854486465454,0.11010502366458685,-0.6723836393575244,0.0013828111011566296
1949,NLD,true,,1948,25882.35280093025,2.1795935910784098e-7,JST_R6_EQ_TR,-0.028246913105249405,0.19420258871403062,-0.6475646018673227,4.232827177319375e-8
1949,NOR,true,,1948,166605745.88260135,0.0014030131601849758,JST_R6_EQ_TR,-0.04050028696656227,-0.03528561461311952,-0.7152916082150914,-0.00004950618166742198
1949,PRT,true,,1948,232803169.66448644,0.00196047206560455,JST_R6_EQ_TR,-0.10967759788036346,-0.1968420288571111,-0.762970452418806,-0.00038590329891129106
1949,SWE,true,,1948,819807692.3076923,0.006903729370408725,JST_R6_EQ_TR,0.1416940689086914,-0.08664474487304685,-0.7304488149503383,-0.0005981718699716244
1949,USA,true,,1948,80408157348.63281,0.6771297253208195,JST_R6_EQ_TR,0.16392362117767334,0.16392362117767334,-0.6565005898475647,0.11099755658163202
1950,AUS,true,,1949,1298473821.1928785,0.01071099937752056,JST_R6_EQ_TR,0.3140000104904175,0.3140000104904175,-0.08780164582714811,0.0033632539169043112
1950,BEL,true,,1949,4287563554.0674605,0.0353677446623506,JST_R6_EQ_TR,0.15921634435653687,0.13006777090076316,-0.21549014270196065,0.004600203710019306
1950,CAN,true,,1949,7208066282.019152,0.05945872161589445,KZ_R1_EQ_TR_FALLBACK,0.2937869727611542,0.39236121830486104,-0.033402129671395775,0.023329296452061922
1950,CHE,false,missing_start_market_cap,1949,,,JST_R6_EQ_TR,0.09681397676467896,,,
1950,DEU,false,missing_start_market_cap,1949,,,JST_R6_EQ_TR,-0.08310543745756149,,,
1950,DNK,true,,1949,232716529.6000819,0.0019196587278096239,JST_R6_EQ_TR,0.2555214762687683,0.20374739477314918,-0.16434065176140833,0.00039112546464474876
1950,ESP,true,,1949,502045770.61518323,0.004141332577352966,JST_R6_EQ_TR,0.06613561511039734,-0.010534973342634202,-0.3130986593435584,-0.00004362882830539609
1950,FIN,true,,1949,83327114.2848641,0.0006873582313856964,JST_R6_EQ_TR,0.8363265991210938,0.3258278045654297,-0.07959061523157396,0.0002239604234823781
1950,FRA,true,,1949,2211059377.1632714,0.01823883949443053,JST_R6_EQ_TR,-0.1507614701986313,-0.14207360800117486,-0.404414736274853,-0.0025912577327280696
1950,GBR,true,,1949,13112918748.85559,0.10816734404967782,JST_R6_EQ_TR,0.10957446694374084,0.17484355323454914,-0.18440612852722926,0.018912362777589637
1950,ITA,true,,1949,1055938307.6832707,0.008710344692128828,JST_R6_EQ_TR,0.09795109927654266,0.043053544312715575,-0.275896713211512,0.0003750112111815954
1950,JPN,true,,1949,205042018.27091566,0.0016913740533080084,JST_R6_EQ_TR,-0.278197318315506,0.01052375435829167,-0.298479377306727,0.0000177996050650016
1950,NLD,false,missing_start_market_cap,1949,,,JST_R6_EQ_TR,0.025154361501336098,,,
1950,NOR,true,,1949,163088020.65641984,0.0013452991190282104,JST_R6_EQ_TR,0.1817142814397812,0.12080117414907088,-0.22192315201565338,0.00016251371316031846
1950,PRT,true,,1949,192906229.5126748,0.0015912669708904182,JST_R6_EQ_TR,0.00828226562589407,-0.009042171927815534,-0.3120623343946748,-0.0000143885095338454
1950,SWE,true,,1949,752000000,0.006203183614819294,JST_R6_EQ_TR,0.2848326861858368,0.36460987911894427,-0.052667522159511315,0.0022617420279518784
1950,USA,true,,1949,89922927856.44531,0.741766532813403,JST_R6_EQ_TR,0.28295043110847473,0.28295043110847473,-0.10935672572352995,0.20988316024139095
1951,AUS,true,,1950,1684417379.083911,0.011481384702047428,JST_R6_EQ_TR,-0.04600000008940697,-0.05281443789003781,-0.05281443789003781,-0.0006063828792379142
1951,BEL,true,,1950,4140809054.642166,0.028224727626548474,JST_R6_EQ_TR,0.4205018877983093,0.3599990296143074,0.3599990296143074,0.010160874556685585
1951,CAN,true,,1950,9798608507.42885,0.06678961830691311,KZ_R1_EQ_TR_FALLBACK,0.29704684019088745,0.33926559366745224,0.33926559366745224,0.022659419505717412
1951,CHE,false,missing_start_market_cap,1950,,,JST_R6_EQ_TR,0.19533558189868927,,,
1951,DEU,true,,1950,1164540336.5228536,0.007937780606337824,JST_R6_EQ_TR,1.1774762868881226,1.1774762868881226,1.1774762868881226,0.009346548434483211
1951,DNK,true,,1950,238823177.88822135,0.0016278749050852553,JST_R6_EQ_TR,-0.028101220726966858,0.07129751806232032,0.07129751806232032,0.00011606344044851397
1951,ESP,true,,1950,489843674.0767735,0.003338889598134219,JST_R6_EQ_TR,0.1954616755247116,0.18281736934127713,0.18281736934127713,0.0006104070128518518
1951,FIN,true,,1950,106555737.3046875,0.0007263089465811539,JST_R6_EQ_TR,0.13682959973812103,0.30670068935416217,0.30670068935416217,0.00022275945460053525
1951,FRA,true,,1950,1916004873.6025915,0.013059939488865389,JST_R6_EQ_TR,0.4429471492767334,0.32439515344413805,0.32439515344413805,0.004236581074461646
1951,GBR,true,,1950,15148882369.995117,0.10325834229433785,JST_R6_EQ_TR,0.08229530602693558,0.026462611668403246,0.026462611668403246,0.002732485413658121
1951,ITA,true,,1950,1312511422.293527,0.008946386300869857,JST_R6_EQ_TR,0.13667988777160645,0.1531535093335139,0.1531535093335139,0.0013701704578314925
1951,JPN,true,,1950,397647056.63378215,0.002710455786992837,JST_R6_EQ_TR,0.42148053646087646,0.38880282297901725,0.38880282297901725,0.001053832861542629
1951,NLD,false,missing_start_market_cap,1950,,,JST_R6_EQ_TR,0.03892810270190239,,,
1951,NOR,true,,1950,176903239.7712629,0.0012058140553958421,JST_R6_EQ_TR,0.1237768679857254,0.23870859312062898,0.23870859312062898,0.00028783817672862165
1951,PRT,true,,1950,211396769.62521476,0.0014409300610263268,JST_R6_EQ_TR,0.17748551070690155,0.17748551070690155,0.17748551070690155,0.00025574420777418444
1951,SWE,true,,1950,964215686.2745098,0.006572320712985726,JST_R6_EQ_TR,0.231614887714386,0.21376539658809057,0.21376539658809057,0.001404934743715516
1951,USA,true,,1950,108957397460.9375,0.7426792266078788,JST_R6_EQ_TR,0.25670886039733887,0.25670886039733887,0.25670886039733887,0.19065233790328556
1952,AUS,true,,1951,1575695583.2796812,0.009258116048423522,JST_R6_EQ_TR,-0.13300000131130219,-0.1259829153808183,-0.1259829153808183,-0.0011663644507143365
1952,BEL,true,,1951,4590412326.388889,0.026971307452271234,JST_R6_EQ_TR,-0.007112113758921623,0.0492357310571081,0.0492357310571081,0.0013279520399786019
1952,CAN,true,,1951,12490087489.085817,0.07338643368424957,KZ_R1_EQ_TR_FALLBACK,-0.05268445983529091,-0.007495184642491881,-0.007495184642491881,-0.0005500448707174363
1952,CHE,false,missing_start_market_cap,1951,,,JST_R6_EQ_TR,0.0836869552731514,,,
1952,DEU,true,,1951,2622619129.9869933,0.015409392850932046,JST_R6_EQ_TR,0.21791709959506989,0.21791709959506989,0.21791709959506989,0.0033579701965961166
1952,DNK,true,,1951,256426307.28808314,0.001506651751730145,JST_R6_EQ_TR,-0.011065546423196793,0.11572092198408579,0.11572092198408579,0.0001743511298191503
1952,ESP,true,,1951,617036583.5336539,0.0036254441258171464,JST_R6_EQ_TR,0.09629630297422409,0.19512385229894447,0.19512385229894447,0.0007074106241240207
1952,FIN,true,,1951,143853815.88990662,0.0008452237447700671,JST_R6_EQ_TR,-0.12833622097969055,-0.015133132795234983,-0.015133132795234983,-0.000012790883171291226
1952,FRA,true,,1951,2698047843.897287,0.0158525798435054,JST_R6_EQ_TR,0.1394517570734024,0.17817099153706173,0.17817099153706173,0.002824469869137796
1952,GBR,true,,1951,14853059453.964233,0.08727025039488681,JST_R6_EQ_TR,-0.001411764300428331,0.10722126552462963,0.10722126552462963,0.009357226689991073
1952,ITA,true,,1951,114730.87512928506,6.741097503575178e-7,JST_R6_EQ_TR,0.418801486492157,0.5441214916081833,0.5441214916081833,3.6679760287215273e-7
1952,JPN,true,,1951,590804593.6369478,0.0034713161272228446,JST_R6_EQ_TR,0.8101934790611267,0.8974317190158796,0.8974317190158796,0.0031152691993011432
1952,NLD,true,,1951,1394120077.9403071,0.008191255724753575,JST_R6_EQ_TR,-0.04733774811029434,0.02278206230798352,0.02278206230798352,0.00018661369830196264
1952,NOR,true,,1951,221053328.08061078,0.0012988151937323028,JST_R6_EQ_TR,-0.020789096131920815,0.1061689286314631,0.1061689286314631,0.0001378938176088248
1952,PRT,true,,1951,244112838.27319586,0.001434303052966128,JST_R6_EQ_TR,0.15275737643241882,0.15673240186839288,0.15673240186839288,0.00022480176249854998
1952,SWE,true,,1951,1088244766.505636,0.006394062688446616,JST_R6_EQ_TR,-0.11040817946195602,-0.04090881848242134,-0.04090881848242134,-0.0002615735498868856
1952,USA,true,,1951,126810447692.8711,0.7450841732065422,JST_R6_EQ_TR,0.17257581651210785,0.17257581651210785,0.17257581651210785,0.1285835095613678
1953,AUS,true,,1952,1602454719.7600012,0.008453822546093694,JST_R6_EQ_TR,0.12999999523162842,0.12999999523162842,0.12999999523162842,0.0010989968906812131
1953,BEL,true,,1952,4811331029.843444,0.02538239504383777,JST_R6_EQ_TR,0.09432537108659744,0.10842470688850603,0.10842470688850603,0.0027520787427563784
1953,CAN,true,,1952,16699462206.674318,0.08809877019898978,KZ_R1_EQ_TR_FALLBACK,0.027711885049939156,0.02370397744813535,0.02370397744813535,0.0020882912620053123
1953,CHE,false,missing_start_market_cap,1952,,,JST_R6_EQ_TR,0.10475537180900574,,,
1953,DEU,true,,1952,2180714380.6926737,0.011504457611664388,JST_R6_EQ_TR,0.25189876556396484,0.25189876556396484,0.25189876556396484,0.0028979586708612185
1953,DNK,true,,1952,293974326.2070876,0.0015508748897656137,JST_R6_EQ_TR,0.09309585392475128,0.14444935041786056,0.14444935041786056,0.000224022870406014
1953,ESP,true,,1952,783524387.447589,0.004133518439142367,JST_R6_EQ_TR,0.041314754635095596,0.14845581031431343,0.14845581031431343,0.0006136448293320361
1953,FIN,true,,1952,131873921.97646104,0.0006957068559249998,JST_R6_EQ_TR,0.36808499693870544,0.33344993372506737,0.33344993372506737,0.00023198340500026616
1953,FRA,true,,1952,3180889018.5309844,0.016780924271923563,JST_R6_EQ_TR,0.2316017746925354,0.3495210935460762,0.3495210935460762,0.005865287002236616
1953,GBR,true,,1952,15416606545.448301,0.08133100698014468,JST_R6_EQ_TR,0.2443055510520935,0.26308752163401183,0.26308752163401183,0.021397173058404783
1953,ITA,true,,1952,1809413199.9211357,0.009545641393838433,JST_R6_EQ_TR,0.0817960798740387,0.09039541278241736,0.09039541278241736,0.000862882194068955
1953,JPN,true,,1952,1544578241.433123,0.008148492559957459,JST_R6_EQ_TR,0.5697740912437439,0.49760056980724987,0.49760056980724987,0.004054694540904968
1953,NLD,true,,1952,1576156012.0558376,0.008315082520942853,JST_R6_EQ_TR,0.22624242305755615,0.26476312744679875,0.26476312744679875,0.002201527253223041
1953,NOR,true,,1952,250282704.8148668,0.0013203777596774297,JST_R6_EQ_TR,-0.01151568628847599,-0.01151568628847599,-0.01151568628847599,-0.000015205056062726023
1953,PRT,true,,1952,280257694.63900864,0.0014785121778731658,JST_R6_EQ_TR,0.12199395895004272,0.12199395895004272,0.12199395895004272,0.00018036955393459727
1953,SWE,true,,1952,1103993055.5555556,0.005824165431135687,JST_R6_EQ_TR,0.1832440346479416,0.22580676970722013,0.22580676970722013,0.0013151359822452086
1953,USA,true,,1952,137888351440.4297,0.7274362513190882,JST_R6_EQ_TR,0.009216589853167534,0.009216589853167534,0.009216589853167534,0.006704481572733736
1954,AUS,true,,1953,1797899536.9682312,0.009320720858651715,JST_R6_EQ_TR,0.1860000044107437,0.17647814941390383,0.17642212664487067,0.0016449035683384274
1954,BEL,true,,1953,5095814234.390486,0.02641786209389128,JST_R6_EQ_TR,0.42230522632598877,0.4351059733916247,0.43503763501192294,0.01149456960128827
1954,CAN,true,,1953,20146788851.112217,0.1044455439351568,KZ_R1_EQ_TR_FALLBACK,0.20842479169368744,0.2185544003274953,0.21849637392746568,0.022827033221627258
1954,CHE,false,missing_start_market_cap,1953,,,JST_R6_EQ_TR,0.26142799854278564,,,
1954,DEU,true,,1953,2530000096.8780737,0.013116096973431171,JST_R6_EQ_TR,0.8926240801811218,0.8927142094292115,0.8926240801811218,0.011708926140433482
1954,DNK,true,,1953,323861973.3976838,0.0016789742634130491,JST_R6_EQ_TR,0.15272089838981628,0.1480976862304988,0.1480430149120937,0.0002486522036520286
1954,ESP,true,,1953,928206286.1271676,0.0048120328830086375,JST_R6_EQ_TR,0.2604258060455322,0.23894127526066522,0.2388822780570672,0.0011497932736623394
1954,FIN,true,,1953,171551096.46954113,0.0008893599727405005,JST_R6_EQ_TR,0.05448929965496063,0.176619416281665,0.1765633867856382,0.00015707823924970469
1954,FRA,true,,1953,4270436915.9455,0.02213891800936197,JST_R6_EQ_TR,1.1585566997528076,1.1700997837087046,1.1699964456237413,0.025904743174299187
1954,GBR,true,,1953,19012919569.015503,0.09856730721985915,JST_R6_EQ_TR,0.4861646890640259,0.48063991326824906,0.4805694066056956,0.047375381993237965
1954,ITA,true,,1953,50990.2455848427,2.643450514547937e-7,JST_R6_EQ_TR,0.34935715794563293,0.3292805831602241,0.3292172840848202,8.704369269855392e-8
1954,JPN,true,,1953,1947126435.3832436,0.010094347102014657,JST_R6_EQ_TR,-0.07893805205821991,-0.05504257699369264,-0.055087574966227626,-0.0005556188775636999
1954,NLD,true,,1953,1971801246.5232332,0.010222266945224372,JST_R6_EQ_TR,0.7294193506240845,0.7570164679212772,0.7569328004704037,0.007738424417022178
1954,NOR,true,,1953,249426379.22215983,0.0012930831827423946,JST_R6_EQ_TR,0.29333731532096863,0.2705041218600688,0.2704436216637751,0.0003497843308397543
1954,PRT,true,,1953,314652848.8685345,0.0016312320635159924,JST_R6_EQ_TR,0.30218052864074707,0.3135038375854491,0.3134412897836443,0.0005113975119046947
1954,SWE,true,,1953,1261690647.4820144,0.006540891798093386,JST_R6_EQ_TR,0.38267743587493896,0.40286250793150713,0.4027957049549229,0.0026350800738885265
1954,USA,true,,1953,132870529174.80469,0.6888310983538435,JST_R6_EQ_TR,0.4703987240791321,0.4703987240791321,0.4703287050922542,0.3240252697716751
1955,AUS,true,,1954,1908657051.8807716,0.006897913387664679,JST_R6_EQ_TR,0.10300000011920929,0.10944739171028384,0.11351555920311851,0.0007549586285233471
1955,BEL,true,,1954,6169212500.1233835,0.02229562060613058,JST_R6_EQ_TR,0.2837921380996704,0.28481999409496717,0.2895312250854367,0.006350238529381739
1955,CAN,true,,1954,25980125437.551792,0.09389253815519438,KZ_R1_EQ_TR_FALLBACK,0.35920944809913635,0.3145872181499081,0.3194076008263045,0.029537392383276705
1955,CHE,false,missing_start_market_cap,1954,,,JST_R6_EQ_TR,0.05989021435379982,,,
1955,DEU,true,,1954,4561169613.288793,0.01648413103229373,JST_R6_EQ_TR,0.1104106679558754,0.10635384401144155,0.1104106679558754,0.0017531507004727301
1955,DNK,true,,1954,356735807.0516331,0.0012892482161193089,JST_R6_EQ_TR,0.16086648404598236,0.22127725747734872,0.22575548733820638,0.00028528130947044484
1955,ESP,true,,1954,1194090287.6420455,0.004315459067457949,JST_R6_EQ_TR,0.377144992351532,0.3818558646172725,0.38692291074331986,0.0016478833534246035
1955,FIN,true,,1954,198217911.3700565,0.0007163623151509223,JST_R6_EQ_TR,0.6034619808197021,0.5855462044976942,0.5913601507701545,0.00041946323468180363
1955,FRA,true,,1954,7569377817.572119,0.027355837725102413,JST_R6_EQ_TR,-0.03663197532296181,-0.07615476607894278,-0.07276717223976659,-0.0020832774228486924
1955,GBR,true,,1954,26352984886.169437,0.09524005743834825,JST_R6_EQ_TR,0.10862810164690018,0.12103811771011164,0.12514878655549633,0.01152767728294059
1955,ITA,true,,1954,3659750942.1495695,0.013226391296695296,JST_R6_EQ_TR,0.07480223476886749,0.07987604547588023,0.08383577953566612,0.00105647183269662
1955,JPN,true,,1954,1752358414.7868054,0.006333047918395682,JST_R6_EQ_TR,0.21122434735298157,0.2806960680241004,0.28539217723222166,0.0017776616493018818
1955,NLD,true,,1954,3336041909.075798,0.012056502305507873,JST_R6_EQ_TR,0.22892306745052338,0.206462332536284,0.21088623841882193,0.002489213588224241
1955,NOR,true,,1954,317545891.0486286,0.0011476153093631161,JST_R6_EQ_TR,0.08790908753871918,0.12920406599241385,0.1333446780740426,0.0001482765641648565
1955,PRT,true,,1954,451489266.3043478,0.0016316885484266702,JST_R6_EQ_TR,-0.002660732250660658,-0.004392224034947767,-0.0007414883443165321,-0.000007166741659948655
1955,SWE,true,,1954,1750182481.7518246,0.006325184065851892,JST_R6_EQ_TR,-0.026318924501538277,0.02217860033171859,0.025926767017955266,0.00014028372942108392
1955,USA,true,,1954,191142700195.3125,0.6907924026122971,JST_R6_EQ_TR,0.34429511427879333,0.34429511427879333,0.3492244310950281,0.23783644920032307
1956,AUS,true,,1955,2475193529.5248284,0.007403812613809709,JST_R6_EQ_TR,0.07699999958276749,0.07074117127528656,0.06652445476186197,0.0005237543762036397
1956,BEL,true,,1955,6983312900.460034,0.02088852427976882,JST_R6_EQ_TR,-0.02480674721300602,-0.029952117287544544,-0.033772290673587335,-0.0006256555291913576
1956,CAN,true,,1955,33575479348.04536,0.10043116004730654,KZ_R1_EQ_TR_FALLBACK,0.12370658665895462,0.16983979449525344,0.16523281485176589,0.01705720758335445
1956,CHE,false,missing_start_market_cap,1955,,,JST_R6_EQ_TR,0.02119489386677742,,,
1956,DEU,true,,1955,5682529683.211416,0.016997614305732916,JST_R6_EQ_TR,-0.04888329654932022,-0.045122867529875155,-0.04888329654932022,-0.0007669810986414972
1956,DNK,true,,1955,452349021.6326277,0.0013530689023945007,JST_R6_EQ_TR,0.16992928087711334,0.10614324295695177,0.10178710852977346,0.00014361912124435553
1956,ESP,true,,1955,1740030644.241733,0.005204789313878638,JST_R6_EQ_TR,0.4941006898880005,0.29735277725918463,0.2922436350814439,0.001547658557530739
1956,FIN,true,,1955,306698284.46883726,0.0009173976095598863,JST_R6_EQ_TR,0.023885563015937805,0.023885563015937805,0.019853369917129493,0.000021912558413813372
1956,FRA,true,,1955,8154385884.602865,0.02439144428512006,JST_R6_EQ_TR,0.03150513768196106,-0.001769221598102333,-0.005700382853891628,-0.00004315387003814413
1956,GBR,true,,1955,27340907611.846924,0.0817822744908592,JST_R6_EQ_TR,-0.09164062142372131,-0.06630041178829438,-0.06997744091336355,-0.005422198475727288
1956,ITA,true,,1955,4068214158.389064,0.012168864754321856,JST_R6_EQ_TR,0.04602910578250885,0.06365345012866475,0.05946464597315004,0.0007745902257616925
1956,JPN,true,,1955,2638403900.736109,0.00789200838139909,JST_R6_EQ_TR,0.4645882844924927,0.46094503005345655,0.4551916405334713,0.0036377820405461346
1956,NLD,true,,1955,4113975552.79047,0.012305746491064152,JST_R6_EQ_TR,0.11082352697849274,0.11082352726852518,0.10644896127947767,0.0013637662318120062
1956,NOR,true,,1955,362817702.3682919,0.0010852623236387911,JST_R6_EQ_TR,0.17781993746757507,0.19661493646971717,0.19190251287175975,0.00021337878281521856
1956,PRT,true,,1955,461877034.5052083,0.0013815691473446788,JST_R6_EQ_TR,-0.009058395400643349,-0.012487259050207977,-0.016376211295334175,-0.00001725201183866796
1956,SWE,true,,1955,1662835249.0421457,0.004973882019604784,JST_R6_EQ_TR,0.02586839348077774,0.0065851530018155024,0.0026210911438266926,0.000032753774112076594
1956,USA,true,,1955,234294357299.8047,0.7008225810341964,JST_R6_EQ_TR,0.06193520128726959,0.06193520128726959,0.05775316381679341,0.04340558762301676
1957,AUS,true,,1956,2725026856.203169,0.007667421767287792,JST_R6_EQ_TR,0.16700001060962677,0.17592042383506,0.17678865451070336,0.0013488560870234332
1957,BEL,true,,1956,6700381408.794433,0.018852896860804574,JST_R6_EQ_TR,-0.1783108115196228,-0.17490199447332744,-0.17429279049634905,-0.003297409262554654
1957,CAN,true,,1956,38582946048.00912,0.10856102929817855,KZ_R1_EQ_TR_FALLBACK,-0.16197526454925537,-0.18325140795084438,-0.1826483686911018,-0.019893961467484088
1957,CHE,false,missing_start_market_cap,1956,,,JST_R6_EQ_TR,-0.10254386067390442,,,
1957,DEU,true,,1956,5556852136.413686,0.015635342797209243,JST_R6_EQ_TR,0.07799005508422852,0.07719471767995012,0.07799005508422852,0.001206965873059809
1957,DNK,true,,1956,537849994.4159325,0.0015133512337072075,JST_R6_EQ_TR,0.10950013995170593,0.20674588568752883,0.20763687607635406,0.000312879141169111
1957,ESP,true,,1956,2361493193.069307,0.006644545271406893,JST_R6_EQ_TR,0.09216836094856262,-0.08075829620162644,-0.08007958203917864,-0.0005366021551533942
1957,FIN,true,,1956,299030427.559794,0.0008413834176107647,JST_R6_EQ_TR,-0.15161383152008057,-0.2007309254847074,-0.200140792075574,-0.00016889167210449484
1957,FRA,true,,1956,8920465095.463224,0.025099557493016594,JST_R6_EQ_TR,0.142935648560524,-0.038406959561813836,-0.03769697565621011,-0.0009639976896537098
1957,GBR,true,,1956,24984173523.135445,0.07029809466754909,JST_R6_EQ_TR,-0.009477273561060429,0.016765035900971448,0.017515755572300895,0.00117855008087135
1957,ITA,true,,1956,4399214287.299868,0.012378091360319282,JST_R6_EQ_TR,0.03657224401831627,0.03670494861824336,0.03747039075168823,0.0004543372073724413
1957,JPN,true,,1956,4079601937.754839,0.011478796485328575,JST_R6_EQ_TR,0.1763453483581543,0.18222707509994485,0.1830999622370102,0.0020917475091889533
1957,NLD,true,,1956,4265300925.1508617,0.01200129865989702,JST_R6_EQ_TR,-0.07762962579727173,-0.06814071928094478,-0.0674526890396937,-0.0008177771229908216
1957,NOR,true,,1956,447296889.28482383,0.001258561506480388,JST_R6_EQ_TR,-0.11735989898443222,-0.10906663629032631,-0.10840882334597401,-0.00013726707007630164
1957,PRT,true,,1956,716892638.973768,0.002017124422962399,JST_R6_EQ_TR,-0.034293632954359055,-0.02925516495220659,-0.02853842389819705,-0.000059011307722889516
1957,SWE,true,,1956,1642857142.8571427,0.0046225154034767926,JST_R6_EQ_TR,0.08447094261646271,0.09268663157567825,0.09349340730060818,0.00042844538215495114
1957,USA,true,,1956,249183898925.78125,0.7011299893547649,JST_R6_EQ_TR,-0.09302325546741486,-0.09302325546741486,-0.0923535970315742,-0.06522139411561416
1958,AUS,true,,1957,2872813728.1461563,0.008969293552718425,JST_R6_EQ_TR,0.1889999955892563,0.1868777287510237,0.18004181922806617,0.0016761612076332194
1958,BEL,true,,1957,5791414255.1265335,0.018081539373994968,JST_R6_EQ_TR,0.16084563732147217,0.16492143581744112,0.15821198517758317,0.0029820334353488453
1958,CAN,true,,1957,30787506630.64953,0.0961225512190645,KZ_R1_EQ_TR_FALLBACK,0.24723081290721893,0.27388049112787916,0.2665434827996711,0.026326091536342106
1958,CHE,false,missing_start_market_cap,1957,,,JST_R6_EQ_TR,0.22764143347740173,,,
1958,DEU,true,,1957,6053026291.888575,0.018898325764164964,JST_R6_EQ_TR,0.6110981702804565,0.6204311626754582,0.6110981702804565,0.011725110226480435
1958,DNK,true,,1957,527273998.3312425,0.0016462171659143068,JST_R6_EQ_TR,0.0657549798488617,0.06698956424504265,0.060844159418216526,0.00011027937059730849
1958,ESP,true,,1957,2565564062.5,0.008010020621739602,JST_R6_EQ_TR,-0.11816783249378204,-0.11224949579910959,-0.11736256008422619,-0.0008991207761307406
1958,FIN,true,,1957,233967975.81722862,0.0007304780802458227,JST_R6_EQ_TR,0.05864592641592026,0.10517981329134507,0.0988144489178735,0.00007683154809367582
1958,FRA,true,,1957,10212943250.301735,0.031886120966263407,JST_R6_EQ_TR,-0.08519486337900162,-0.11476432234048839,-0.11986290229728169,-0.0036593890647600587
1958,GBR,true,,1957,25345722507.38661,0.07913260203653805,JST_R6_EQ_TR,0.47742438316345215,0.4480247023103363,0.4396846975969466,0.03545336047046227
1958,ITA,true,,1957,5029768442.370857,0.015703583291818753,JST_R6_EQ_TR,0.292067289352417,0.29391014173626906,0.2864577711630558,0.004615442391065756
1958,JPN,true,,1957,4187499863.638711,0.013073912576009919,JST_R6_EQ_TR,0.1252676546573639,0.1511689561712164,0.14453871394878903,0.0019763697171891583
1958,NLD,true,,1957,3814493569.2434697,0.011909339001794384,JST_R6_EQ_TR,0.4030638039112091,0.409010564406183,0.4008952644878774,0.004871045466828489
1958,NOR,true,,1957,398916703.8066275,0.0012454692013162214,JST_R6_EQ_TR,-0.03446025028824806,0.006051907183021621,0.0002574772714087903,0.0000075374640056778415
1958,PRT,true,,1957,687787703.8282709,0.002147361576960575,JST_R6_EQ_TR,-0.04943866655230522,-0.04943866655230522,-0.05491349442552529,-0.00010616269297058618
1958,SWE,true,,1957,1857575757.5757575,0.0057995901728239855,JST_R6_EQ_TR,0.22361476719379425,0.24964912394259864,0.24245167795487754,0.0014478626058716123
1958,USA,true,,1957,219928039550.78125,0.6866435953986321,JST_R6_EQ_TR,0.36969998478889465,0.36969998478889465,0.36181109704351067,0.2538521267742662
1959,AUS,true,,1958,3824830624.8755264,0.008800035662381063,JST_R6_EQ_TR,0.4429999887943268,0.44170986875146623,0.4391215206920467,0.0038870625974385615
1959,BEL,true,,1958,6432802076.670167,0.014800364574464963,JST_R6_EQ_TR,-0.027247795835137367,-0.029098338201045126,-0.030841429156218236,-0.0004306660138865488
1959,CAN,true,,1958,38063141152.35657,0.08757433528808421,KZ_R1_EQ_TR_FALLBACK,0.03832877799868584,0.05064313064740489,0.048756877270566434,0.004435038503354089
1959,CHE,false,missing_start_market_cap,1958,,,JST_R6_EQ_TR,0.2919606864452362,,,
1959,DEU,true,,1958,9639976042.6301,0.02217931753838242,JST_R6_EQ_TR,0.8196190595626831,0.8228917557137607,0.8196190595626831,0.018251177549692514
1959,DNK,true,,1958,633705397.763114,0.0014580070718661594,JST_R6_EQ_TR,0.3021252453327179,0.30174825481577483,0.2994111843397831,0.00043995108944467156
1959,ESP,true,,1958,2394901950.5033555,0.0055101061038543,JST_R6_EQ_TR,-0.05387706309556961,-0.0717872092262708,-0.07345365947940541,-0.00039555513973634046
1959,FIN,true,,1958,248082858.91354737,0.0005707803089282453,JST_R6_EQ_TR,0.4315430521965027,0.48880477428436286,0.48613187522755696,0.00027900014007162986
1959,FRA,true,,1958,10738330417.209202,0.024706372619819623,JST_R6_EQ_TR,0.26738566160202026,0.27070746961291703,0.2684261276561537,0.006688199615225226
1959,GBR,true,,1958,34703358535.304535,0.07984426571176982,JST_R6_EQ_TR,0.5486228466033936,0.547241381084075,0.5444635689091117,0.04369408623975277
1959,ITA,true,,1958,6445471347.906651,0.01482951358774998,JST_R6_EQ_TR,0.6040031909942627,0.6127908333528957,0.6098953381397196,0.0090873899896554
1959,JPN,true,,1958,5941176329.178069,0.013669249360541992,JST_R6_EQ_TR,0.5374970436096191,0.4954262289834852,0.49274144221626526,0.006772104663728236
1959,NLD,true,,1958,5530582575.968367,0.01272456970662559,JST_R6_EQ_TR,0.32759055495262146,0.3293512851320708,0.3269646580486769,0.004190853385629755
1959,NOR,true,,1958,404822477.38397866,0.0009314013056534754,JST_R6_EQ_TR,0.13141898810863495,0.1306283389204681,0.12859848552874253,0.00012166740542586868
1959,PRT,true,,1958,716965013.6118945,0.001649567865157303,JST_R6_EQ_TR,0.11209318041801453,0.10708722081069655,0.10509963154485136,0.0001766476382183294
1959,SWE,true,,1958,2207350096.7117987,0.0050785934007355595,JST_R6_EQ_TR,0.48297393321990967,0.4798253688914802,0.4771685908497463,0.002436837951957777
1959,USA,true,,1958,306712585449.21875,0.7056735198939853,JST_R6_EQ_TR,0.13834361732006073,0.13834361732006073,0.1362999124410793,0.09762542738911377
1960,AUS,true,,1959,6084684368.616653,0.012016001660331972,JST_R6_EQ_TR,-0.06199999898672104,-0.060740939002363104,-0.06051569702125437,-0.000729863223902518
1960,BEL,true,,1959,6187832290.486865,0.012219697616501024,JST_R6_EQ_TR,-0.13784801959991455,-0.13372807804359377,-0.13352033897353033,-0.0016341166765285657
1960,CAN,true,,1959,39136583960.264175,0.07728671355112053,KZ_R1_EQ_TR_FALLBACK,-0.0419696681201458,-0.08352279099038962,-0.08330301228314019,-0.006455202022264353
1960,CHE,false,missing_start_market_cap,1959,,,JST_R6_EQ_TR,0.4446042478084564,,,
1960,DEU,true,,1959,16981775301.607779,0.033535517679760075,JST_R6_EQ_TR,0.37916263937950134,0.3788319842273291,0.37916263937950156,0.012704326704714185
1960,DNK,true,,1959,747086412.4197837,0.0014753421916753402,JST_R6_EQ_TR,0.16120368242263794,0.16153997077554583,0.16181851753119436,0.00023832673452716418
1960,ESP,true,,1959,2227689043.2098765,0.004399228229483147,JST_R6_EQ_TR,0.022008666768670082,0.00954514644222293,0.00978724359970129,0.00004199127768317773
1960,FIN,true,,1959,358191859.65401787,0.0007073553399941751,JST_R6_EQ_TR,0.14852936565876007,0.21813720600171527,0.2184293252358387,0.0001543005175167227
1960,FRA,true,,1959,16907356462.196352,0.03338855575967432,JST_R6_EQ_TR,-0.07177717238664627,-0.07177717238664627,-0.07155457698428735,-0.0023965361225032947
1960,GBR,true,,1959,54420802287.69291,0.10746990493348861,JST_R6_EQ_TR,0.018391203135252,0.019773305482857717,0.02001785543626977,0.002125035260463548
1960,ITA,true,,1959,10517870023.70002,0.020770632626367157,JST_R6_EQ_TR,0.23027563095092773,0.23027563095092773,0.2305706610783249,0.004782970533286622
1960,JPN,true,,1959,9395522226.214785,0.018554226288577353,JST_R6_EQ_TR,0.3631729781627655,0.4420935190037676,0.44243934478778457,0.008202703192309375
1960,NLD,true,,1959,7153581939.89485,0.014126854781563577,JST_R6_EQ_TR,0.07463374733924866,0.07463374733924866,0.07489145327392444,0.0010543401104654729
1960,NOR,true,,1959,459282393.82292557,0.0009069883780992563,JST_R6_EQ_TR,0.10148824751377106,0.10264405889642347,0.10290848193219371,0.00009309696849999166
1960,PRT,true,,1959,799899638.6184176,0.0015796374640749092,JST_R6_EQ_TR,0.08053308725357056,0.08240706069666981,0.08266663073526859,0.0001301732803807546
1960,SWE,true,,1959,3114649682.12983,0.006150793284341413,JST_R6_EQ_TR,0.037926752120256424,0.03812712408016394,0.03837607542892396,0.00023451205874352416
1960,USA,true,,1959,331888977050.78125,0.6554125502149473,JST_R6_EQ_TR,-0.005248899571597576,-0.005248899571597576,-0.005010350146977038,-0.0034401946540429116
1961,AUS,true,,1960,6311191138.400418,0.012252509483699775,JST_R6_EQ_TR,0.11600000411272049,0.11749598267118078,0.07074387309964547,0.0014396206419752667
1961,BEL,true,,1960,5565640090.655245,0.01080510104957726,JST_R6_EQ_TR,0.1671425849199295,0.16526690378703535,0.11651622654906157,0.0017857255955696797
1961,CAN,true,,1960,34781180267.32509,0.06752397950471237,KZ_R1_EQ_TR_FALLBACK,0.37338247895240784,0.3109919004928192,0.25614460087861524,0.020999410715008673
1961,CHE,false,missing_start_market_cap,1960,,,JST_R6_EQ_TR,0.4939022660255432,,,
1961,DEU,true,,1960,23631263945.269985,0.04587759731115005,JST_R6_EQ_TR,-0.06964285671710968,-0.029020481753144423,-0.06964285671710968,-0.0013313899756463377
1961,DNK,true,,1960,779659962.9258175,0.0015136272821283565,JST_R6_EQ_TR,0.04479999840259552,0.047834561279604726,0.0039968410717099445,0.00007240369698145042
1961,ESP,true,,1960,2217997967.479675,0.004306008253500519,JST_R6_EQ_TR,0.2837013304233551,0.29104876240451905,0.23703581368871895,0.0012532583730849706
1961,FIN,true,,1960,437392763.08001894,0.0008491517465113357,JST_R6_EQ_TR,-0.0077870381064713,0.01718011004928388,-0.025375135514407177,0.000014588520453606358
1961,FRA,true,,1960,18378719161.216488,0.03568033765463383,JST_R6_EQ_TR,0.049007512629032135,0.049007512629032135,0.005120720253665834,0.0017486045982175985
1961,GBR,true,,1960,53790901483.424255,0.10442934085014247,JST_R6_EQ_TR,0.01812826655805111,0.019689701591848463,-0.022970536473468806,0.0020561825587727357
1961,ITA,true,,1960,14092788229.110388,0.027359656464581675,JST_R6_EQ_TR,0.05375538766384125,0.05375538766384125,0.009669960861773186,0.0014707289396031081
1961,JPN,true,,1960,14239473033.6037,0.02764442948424726,JST_R6_EQ_TR,0.2045900523662567,0.227196299997795,0.17585471419080445,0.006280712094370929
1961,NLD,true,,1960,7573864909.999699,0.014703856942851562,JST_R6_EQ_TR,0.05401207506656647,0.10378486751409133,0.05760638287554243,0.0015260378447600014
1961,NOR,true,,1960,504930257.31749636,0.0009802686419599727,JST_R6_EQ_TR,0.08807653188705444,0.08998276267198713,0.04438170965547705,0.00008820728056427534
1961,PRT,true,,1960,693215820.6752763,0.0013458051310465096,JST_R6_EQ_TR,-0.023868823423981667,-0.022852020115013083,-0.06373246186298986,-0.000030754365925562655
1961,SWE,true,,1960,3278185328.818183,0.0063642497826250895,JST_R6_EQ_TR,0.02454542927443981,0.023557439467812857,-0.019264611174708346,0.0001499254290122317
1961,USA,true,,1960,328817352294.9219,0.6383640804166321,JST_R6_EQ_TR,0.2985915541648865,0.2985915541648865,0.2442630415165763,0.19061012289464074
1962,AUS,true,,1961,6797971729.766151,0.010760592152856583,JST_R6_EQ_TR,0.041999999433755875,0.04014011545357077,0.04053050959183446,0.00043193141136445084
1962,BEL,true,,1961,6122476396.266021,0.009691342371612966,JST_R6_EQ_TR,-0.03470245376229286,-0.034145603196024776,-0.033783090598609844,-0.00033091673105791803
1962,CAN,true,,1961,44520562601.9607,0.07047214016465149,KZ_R1_EQ_TR_FALLBACK,-0.09740498661994934,-0.12572629323020468,-0.12539815346779182,-0.008860200958901058
1962,CHE,false,missing_start_market_cap,1961,,,JST_R6_EQ_TR,-0.17714400589466095,,,
1962,DEU,true,,1961,24297009095.575848,0.03846003128652792,JST_R6_EQ_TR,-0.21530503034591675,-0.21559943816351945,-0.21530503034591675,-0.0082919611371268
1962,DNK,true,,1961,811094951.16575,0.00128389206570531,JST_R6_EQ_TR,0.06029679626226425,0.05783884947254325,0.058235886448548824,0.00007425883992732204
1962,ESP,true,,1961,2925669715.8626328,0.004631078185940701,JST_R6_EQ_TR,0.2533000707626343,0.27096682134552386,0.27144385130486226,0.0012548685354469465
1962,FIN,true,,1961,451408924.24617505,0.0007145406778765637,JST_R6_EQ_TR,0.14488838613033295,0.14346748835046275,0.14389666418755898,0.00010251335637918766
1962,FRA,true,,1961,22715259431.014942,0.035956260499466534,JST_R6_EQ_TR,-0.1058787927031517,-0.1058787927031517,-0.10554320360987479,-0.003807005451803539
1962,GBR,true,,1961,60654961049.60513,0.09601147575302653,JST_R6_EQ_TR,0.003789731068536639,0.0017879424940610011,0.002163941972133765,0.00017166299741634358
1962,ITA,true,,1961,15179195914.211763,0.02402733387753564,JST_R6_EQ_TR,-0.13782739639282227,-0.13782739639282227,-0.13750379851824834,-0.0033116248706017916
1962,JPN,true,,1961,16461125579.989695,0.026056515941015417,JST_R6_EQ_TR,-0.020123757421970367,-0.08282600130086559,-0.08248175983998907,-0.002158157023226568
1962,NLD,true,,1961,8446330840.0198145,0.013369799841852869,JST_R6_EQ_TR,-0.05241766944527626,-0.05241766944527626,-0.052062014873478946,-0.0007008137486597505
1962,NOR,true,,1961,578118772.527592,0.0009151112382300953,JST_R6_EQ_TR,-0.1903095245361328,-0.1920081758834975,-0.1917049135948754,-0.00017570883958304933
1962,PRT,true,,1961,590779690.2331868,0.0009351523588946959,JST_R6_EQ_TR,-0.06357715278863907,-0.06520006933498879,-0.06484921236104946,-0.00006097199863871249
1962,SWE,true,,1961,3274831244.604596,0.005183770217566643,JST_R6_EQ_TR,-0.050706472247838974,-0.05125540836653686,-0.050899317565133995,-0.0002656962593796699
1962,USA,true,,1961,417920196533.2031,0.6615309633672402,JST_R6_EQ_TR,-0.09715639799833298,-0.09715639799833298,-0.09681753514249869,-0.06427196556512822
1963,AUS,true,,1962,7900042499.038867,0.013767579481759797,JST_R6_EQ_TR,0.26600000262260437,0.2631703200048383,0.2559666473426787,0.003623218297906772
1963,BEL,true,,1962,3624319553.029254,0.006316182162272809,JST_R6_EQ_TR,0.15607059001922607,0.1543026390090163,0.14771982255679306,0.0009746035761003693
1963,CAN,true,,1962,37863087255.45305,0.0659848429015004,KZ_R1_EQ_TR_FALLBACK,0.22318123281002045,0.2193326140660492,0.21237894132776503,0.014472628082323675
1963,CHE,false,missing_start_market_cap,1962,,,JST_R6_EQ_TR,-0.0015776043292135,,,
1963,DEU,true,,1962,18940469995.59229,0.033007977630237884,JST_R6_EQ_TR,0.12049345672130585,0.1269201147057275,0.12049345672130585,0.00418937630703388
1963,DNK,true,,1962,846711009.3712621,0.0014755820770607432,JST_R6_EQ_TR,-0.0029285233467817307,-0.004226981354476411,-0.00990572693496583,-0.000006237257926735337
1963,ESP,true,,1962,3637048092.8689885,0.006338364471285908,JST_R6_EQ_TR,0.08891188353300095,0.09162737451437986,0.08540198578372626,0.0005807676952191531
1963,FIN,true,,1962,484446393.8998022,0.000844255487673501,JST_R6_EQ_TR,0.048010602593421936,0.04898700998714234,0.04300479292018644,0.000041357552006361516
1963,FRA,true,,1962,23820687621.732708,0.041512841251458606,JST_R6_EQ_TR,-0.18257169425487518,-0.18257169425487518,-0.18723336643487787,-0.0075790697606124705
1963,GBR,true,,1962,64939532457.06787,0.11317156518079174,JST_R6_EQ_TR,0.198081836104393,0.1955595585537997,0.1887414600190711,0.0221317813275982
1963,ITA,true,,1962,13191071392.582676,0.02298837302065714,JST_R6_EQ_TR,-0.11273371428251266,-0.11527128616698723,-0.120316762575301,-0.0026498993249776176
1963,JPN,true,,1962,19224591577.298386,0.03350312261953356,JST_R6_EQ_TR,0.10704467445611954,0.15789318312536382,0.15128989033350249,0.005289914675037531
1963,NLD,true,,1962,8017219511.775617,0.01397178646374561,JST_R6_EQ_TR,0.13271749019622803,0.13271749019622803,0.12625777064071686,0.0018543004330259494
1963,NOR,true,,1962,485425555.9573147,0.0008459618951332036,JST_R6_EQ_TR,0.10737397521734238,0.10544138538248737,0.09913721740024006,0.00008919939420363948
1963,PRT,true,,1962,552313725.3765967,0.0009625293932170957,JST_R6_EQ_TR,0.1605657935142517,0.15895891806453988,0.15234954754465968,0.0001530026309511076
1963,SWE,true,,1962,3392444102.4272256,0.005912087665765901,JST_R6_EQ_TR,0.2825291156768799,0.2795694331016716,0.27227223873398376,0.0016528389971655578
1963,USA,true,,1962,366895507812.5,0.6393969482979063,JST_R6_EQ_TR,0.22046615183353424,0.22046615183353424,0.2135060146977752,0.14096538468534464
1964,AUS,true,,1963,9736362167.064714,0.014662164574316463,JST_R6_EQ_TR,0.04399999976158142,0.0421290320192349,0.04260091576297276,0.0006177028008226699
1964,BEL,true,,1963,4094471238.354212,0.006165938582752368,JST_R6_EQ_TR,0.03931485116481781,0.043398191636912165,0.043870650065524375,0.00026759058423571786
1964,CAN,true,,1963,44493229548.48941,0.06700316225803106,KZ_R1_EQ_TR_FALLBACK,0.2750244438648224,0.28309872911475664,0.2836797257219683,0.01896851008191842
1964,CHE,false,missing_start_market_cap,1963,,,JST_R6_EQ_TR,-0.06931748241186142,,,
1964,DEU,true,,1963,21057305482.36043,0.031710578671613296,JST_R6_EQ_TR,0.09510250389575958,0.09460685780385414,0.09510250389575958,0.003000038207263249
1964,DNK,true,,1963,961300537.2219774,0.0014476399337121923,JST_R6_EQ_TR,0.24081949889659882,0.23902666621479596,0.23958770666552742,0.00034602454723463354
1964,ESP,true,,1963,3811307148.79468,0.00573951663876361,JST_R6_EQ_TR,0.015990160405635834,0.01565245385406344,0.016112348807121757,0.00008983751933287671
1964,FIN,true,,1963,490077692.8256017,0.0007380168961583085,JST_R6_EQ_TR,0.08780182152986526,0.08780182152986526,0.08829438625094754,0.00006479922780251691
1964,FRA,true,,1963,21514345204.537025,0.032398843087887916,JST_R6_EQ_TR,-0.07980641722679138,-0.07980641722679138,-0.07938974675752986,-0.002585635589137329
1964,GBR,true,,1963,78061496070.79611,0.11755422432610944,JST_R6_EQ_TR,-0.054099999368190765,-0.0562985082741142,-0.055871193249578566,-0.0066181274708805495
1964,ITA,true,,1963,13082378832.021973,0.019700991825008108,JST_R6_EQ_TR,-0.22266444563865662,-0.2256752523570894,-0.22532463237668388,-0.00444602630179366
1964,JPN,true,,1963,19493438360.512794,0.02935552277707631,JST_R6_EQ_TR,-0.08891943842172623,-0.08652185799652035,-0.08610822832857412,-0.0025398943731318154
1964,NLD,true,,1963,9053575306.334326,0.013633943443114646,JST_R6_EQ_TR,0.17242947220802307,0.17504067370587273,0.17557274082531382,0.002386494645550554
1964,NOR,true,,1963,557386357.516738,0.0008393782364664258,JST_R6_EQ_TR,0.029817616567015648,0.030177189757208067,0.030643661618253937,0.000025330076319917996
1964,PRT,true,,1963,651371176.2513455,0.0009809116815179626,JST_R6_EQ_TR,0.19378666579723358,0.19131249654160976,0.19185193166294057,0.00018766066267802983
1964,SWE,true,,1963,3951923077.683062,0.00595127271929501,JST_R6_EQ_TR,0.1993495374917984,0.21146417928699823,0.21201273923952013,0.0012584810012988216
1964,USA,true,,1963,433036743164.0625,0.6521178943481769,JST_R6_EQ_TR,0.16570042073726654,0.16570042073726654,0.16622825852098932,0.10805620946379324
1965,AUS,true,,1964,9550401407.45789,0.01309766814825696,JST_R6_EQ_TR,-0.0819999948143959,-0.07829173626395658,-0.07166340929652393,-0.0010254391803361585
1965,BEL,true,,1964,4284399712.9760623,0.005875736868109778,JST_R6_EQ_TR,-0.04563142731785774,-0.04582367560767031,-0.038961859443606195,-0.00026924786020029117
1965,CAN,true,,1964,55553203996.14548,0.0761871045488979,KZ_R1_EQ_TR_FALLBACK,0.0844707041978836,0.08326013224788542,0.09105023528788547,0.006343348400324712
1965,CHE,false,missing_start_market_cap,1964,,,JST_R6_EQ_TR,-0.06999652832746506,,,
1965,DEU,true,,1964,22354287126.045757,0.030657249049151146,JST_R6_EQ_TR,-0.11891141533851624,-0.12520239135399702,-0.11891141533851624,-0.003838360893288775
1965,DNK,true,,1964,1044105543.1642691,0.0014319134173189964,JST_R6_EQ_TR,0.07116587460041046,0.07582920013265171,0.08356586473700967,0.0001085808490945114
1965,ESP,true,,1964,4149156296.742563,0.005690260539996521,JST_R6_EQ_TR,0.09911638498306274,0.09765697733495249,0.10555061313069647,0.0005556936445844148
1965,FIN,true,,1964,500166462.9634122,0.000685941257470765,JST_R6_EQ_TR,-0.05768774449825287,-0.05768774449825287,-0.05091124700915883,-0.00003957040400178378
1965,FRA,true,,1964,20740007386.592907,0.028443383953460258,JST_R6_EQ_TR,-0.047821152955293655,-0.047821152955293655,-0.04097370135048428,-0.0013601954146045681
1965,GBR,true,,1964,69852941616.58083,0.09579813553795674,JST_R6_EQ_TR,0.11174321174621582,0.11680365359211264,0.1248349798432482,0.011189572238145755
1965,ITA,true,,1964,8827911650.52054,0.01210682696021112,JST_R6_EQ_TR,0.25352564454078674,0.2537263049508811,0.26274228994726334,0.0030718204692940757
1965,JPN,true,,1964,19539474106.11069,0.026796941480747502,JST_R6_EQ_TR,0.004955881740897894,-0.010665194141085022,-0.003550541021980047,-0.0002857945832794664
1965,NLD,true,,1964,9971910237.325142,0.013675736287974125,JST_R6_EQ_TR,-0.0708138719201088,-0.07570297090609801,-0.06905602722022097,-0.001035293866327974
1965,NOR,true,,1964,602042666.0451525,0.0008256569241993994,JST_R6_EQ_TR,-0.029921719804406166,-0.028564966964782057,-0.02157903738173106,-0.000023584862763999406
1965,PRT,true,,1964,708835951.0175763,0.000972116004541171,JST_R6_EQ_TR,0.09500949829816818,0.09956729017469734,0.10747466369918923,0.00009679095630761818
1965,SWE,true,,1964,4676573427.481853,0.006413574069911053,JST_R6_EQ_TR,0.10509373992681503,0.09826690601089116,0.10616492801738109,0.0006302420803218381
1965,USA,true,,1964,496812652587.8906,0.6813417549517965,JST_R6_EQ_TR,0.12494045495986938,0.12494045495986938,0.13303029579968406,0.0851271488468333
1966,AUS,true,,1965,10158776240.915468,0.012664868628816234,JST_R6_EQ_TR,0.06700000166893005,0.0627071997515718,0.055199057710310084,0.0007941784469345948
1966,BEL,true,,1965,4129492433.481986,0.005148206627792306,JST_R6_EQ_TR,-0.19022873044013977,-0.19686189003309063,-0.2025361482010899,-0.0010134856870280772
1966,CAN,true,,1965,58564034449.91785,0.0730113337563618,KZ_R1_EQ_TR_FALLBACK,-0.09494172781705856,-0.10229042019808687,-0.10863283609451602,-0.007468360009161013
1966,CHE,false,missing_start_market_cap,1965,,,JST_R6_EQ_TR,-0.12094684690237045,,,
1966,DEU,true,,1965,19984522436.52445,0.024914551247700697,JST_R6_EQ_TR,-0.1363368034362793,-0.13019151178895605,-0.1363368034362793,-0.003243663092481575
1966,DNK,true,,1965,1166758594.895383,0.0014545890150013399,JST_R6_EQ_TR,0.09230412542819977,0.08835565765207853,0.08066630646393103,0.0001285211690339325
1966,ESP,true,,1965,4742439834.024897,0.0059123634632371625,JST_R6_EQ_TR,0.0783480703830719,0.08284118736104884,0.07519079650575411,0.0004897872094046494
1966,FIN,true,,1965,485790446.9744759,0.0006056312341329038,JST_R6_EQ_TR,-0.06924358010292053,-0.06924358010292053,-0.07581947552174995,-0.000041936074873512344
1966,FRA,true,,1965,19577656908.65674,0.024407315106472906,JST_R6_EQ_TR,-0.1716182827949524,-0.1716182827949524,-0.17747088979584003,-0.004188741506208181
1966,GBR,true,,1965,75035089649.89478,0.09354567227693245,JST_R6_EQ_TR,-0.03840654343366623,-0.04272939114205021,-0.04949261219194123,-0.0039971496203670895
1966,ITA,true,,1965,8937827657.246878,0.01114272136934392,JST_R6_EQ_TR,0.009048501029610634,0.009452475927931747,0.002320584307227591,0.00010532630551537407
1966,JPN,true,,1965,22049221877.472473,0.02748859624657357,JST_R6_EQ_TR,0.25859126448631287,0.2651464273221791,0.2562080301027472,0.007288503086880844
1966,NLD,true,,1965,9422065393.08282,0.011746416850378059,JST_R6_EQ_TR,-0.14301848411560059,-0.14372986888271855,-0.14977951056353256,-0.0016883109537465942
1966,NOR,true,,1965,623505927.7532876,0.0007773200705493599,JST_R6_EQ_TR,-0.0857221782207489,-0.08636108655192076,-0.09281604492445816,-0.00006713020589125843
1966,PRT,true,,1965,903841687.834854,0.0011268125181822489,JST_R6_EQ_TR,0.14293165504932404,0.13701585973312969,0.12898271892064694,0.00015439118593679366
1966,SWE,true,,1965,4588803089.688958,0.005720825709335582,JST_R6_EQ_TR,-0.20086149871349335,-0.20086149871349335,-0.20650749921081069,-0.0011490936258558287
1966,USA,true,,1965,561752685546.875,0.7003327758791895,JST_R6_EQ_TR,-0.08208873867988586,-0.08208873867988586,-0.08857388165518154,-0.05748943422810586
1967,AUS,true,,1966,9179474228.515627,0.012586436006745546,JST_R6_EQ_TR,0.42500001192092896,0.4339542297471821,0.4417778303791027,0.005461937142569462
1967,BEL,true,,1966,3326900504.5367746,0.004561679597191137,JST_R6_EQ_TR,0.24981649219989777,0.260519671066366,0.26739701923447434,0.0011884072681703879
1967,CAN,true,,1966,51059131630.708496,0.07000972788109569,KZ_R1_EQ_TR_FALLBACK,0.161399707198143,0.1648389797334331,0.17119429762913385,0.011540332115335098
1967,CHE,false,missing_start_market_cap,1966,,,JST_R6_EQ_TR,0.47190824151039124,,,
1967,DEU,true,,1966,17806803123.898575,0.02441579794487949,JST_R6_EQ_TR,0.3791571855545044,0.37167338687132934,0.3791571855545042,0.009074702315339403
1967,DNK,true,,1966,1174938616.8590803,0.0016110170740511233,JST_R6_EQ_TR,-0.1491570919752121,-0.2114138901317104,-0.20711139381801913,-0.00034059138669375374
1967,ESP,true,,1966,5158080208.419301,0.007072501631874889,JST_R6_EQ_TR,0.0803629457950592,-0.06998885585906467,-0.06491474984922574,-0.0004949962972762913
1967,FIN,true,,1966,405502186.6508152,0.0005560043196178994,JST_R6_EQ_TR,-0.012867141515016556,-0.24319814182817934,-0.2390690592026652,-0.00013521921737951427
1967,FRA,true,,1966,18159348532.014294,0.02489919057808023,JST_R6_EQ_TR,-0.021920576691627502,-0.021920576691627502,-0.01658421194893067,-0.0005458046166262567
1967,GBR,true,,1966,70316075577.52107,0.09641388640240962,JST_R6_EQ_TR,0.34190231561660767,0.157271715964308,0.16358574715198304,0.015163177357294824
1967,ITA,true,,1966,10862003093.937906,0.014893435445597302,JST_R6_EQ_TR,0.04692518711090088,0.047915290441034486,0.053632677062181555,0.0007136232850405926
1967,JPN,true,,1966,24453125793.909668,0.03352890321472282,JST_R6_EQ_TR,0.056218501180410385,0.050745866459268374,0.056478696597276334,0.0017014532450600583
1967,NLD,true,,1966,7661764040.408624,0.01050542769582799,JST_R6_EQ_TR,0.3305763304233551,0.337236612390619,0.34453252532053935,0.0035428148478556173
1967,NOR,true,,1966,582640185.5941845,0.0007988870852928358,JST_R6_EQ_TR,-0.03389856964349747,-0.033222974237559266,-0.027948274953039642,-0.000026541405053402697
1967,PRT,true,,1966,1140999180.508661,0.0015644810162012564,JST_R6_EQ_TR,-0.043985724449157715,-0.04001061311616816,-0.03477294693543831,-0.00006259584466681808
1967,SWE,true,,1966,3861003861.749229,0.0052940154106802684,JST_R6_EQ_TR,0.08164708316326141,0.08478836220500185,0.09070692692623661,0.00044887089615962023
1967,USA,true,,1966,504167022705.0781,0.6912886086957319,JST_R6_EQ_TR,0.20767244696617126,0.20767244696617126,0.21426146265665347,0.14356159692768272
1968,AUS,true,,1967,15236217085.041182,0.01703544108235946,JST_R6_EQ_TR,0.3479999899864197,0.33477251580704626,0.33493940409363554,0.005702997469024188
1968,BEL,true,,1967,4121190368.3264556,0.004607856091637123,JST_R6_EQ_TR,0.16184508800506592,0.14996942767869093,0.1501132098027178,0.0006910375408885889
1968,CAN,true,,1967,57650440250.66008,0.06445830174121266,KZ_R1_EQ_TR_FALLBACK,0.19794981181621552,0.20665973886582978,0.20681060905077198,0.013320935805573869
1968,CHE,false,missing_start_market_cap,1967,,,JST_R6_EQ_TR,0.3949434161186218,,,
1968,DEU,true,,1967,24083520275.73825,0.02692751018334808,JST_R6_EQ_TR,0.1598810851573944,0.15973608189630584,0.1598810851573944,0.004301294971910899
1968,DNK,true,,1967,1019920749.5402683,0.0011403617932516598,JST_R6_EQ_TR,0.08233288675546646,0.07670550606101356,0.07684012790476591,0.00008747202844401348
1968,ESP,true,,1967,4877696377.33142,0.005453696858602024,JST_R6_EQ_TR,0.2247946411371231,0.22268958016696483,0.222842454583128,0.0012144814637999797
1968,FIN,true,,1967,299721011.2072173,0.0003351146547116783,JST_R6_EQ_TR,0.4042204022407532,0.4042204022407532,0.404395973683938,0.0001354601805243257
1968,FRA,true,,1967,18149296150.356747,0.020292521662693287,JST_R6_EQ_TR,0.17394950985908508,0.17394950985908508,0.17409629024295015,0.0035298741970303635
1968,GBR,true,,1967,79398821633.33983,0.0887749196794719,JST_R6_EQ_TR,0.4819520115852356,0.46846460391902456,0.4686482078955545,0.041587907585587024
1968,ITA,true,,1967,9973279543.152668,0.011151010457975431,JST_R6_EQ_TR,0.05510016530752182,0.05570936508050606,0.05584136175034171,0.0006212157126198943
1968,JPN,true,,1967,24018134379.46438,0.026854402956181803,JST_R6_EQ_TR,0.13842448592185974,0.1781014787287878,0.17824877823854335,0.0047828088768747095
1968,NLD,true,,1967,10044775230.476856,0.011230948973044882,JST_R6_EQ_TR,0.3461647033691406,0.3424315788440646,0.34259942475293936,0.003845831588756885
1968,NOR,true,,1967,577320804.2765484,0.0006454958269483685,JST_R6_EQ_TR,0.14181335270404816,0.14181335270404816,0.14195611506376182,0.00009153992737602021
1968,PRT,true,,1967,1212350571.7675798,0.001355515389498376,JST_R6_EQ_TR,0.053540345281362534,0.056836091929906685,0.05696822947581759,0.00007704219728993296
1968,SWE,true,,1967,4065827687.137624,0.004545955707290423,JST_R6_EQ_TR,0.39471855759620667,0.39067979729350766,0.39085367573782404,0.0017760130542294867
1968,USA,true,,1967,639654968261.7188,0.7151909469417728,JST_R6_EQ_TR,0.1497376710176468,0.1497376710176468,0.14988142416484673,0.10709102672796646
1969,AUS,true,,1968,19666598437.500004,0.018601930033255297,JST_R6_EQ_TR,0.10100000351667404,0.10893513768526253,0.023092827718216746,0.002026403809384286
1969,BEL,true,,1968,4719940416.832868,0.00446442233892583,JST_R6_EQ_TR,0.04663727805018425,0.05661974261205005,-0.025172849560592403,0.00025277444374146695
1969,CAN,true,,1968,67586017020.213684,0.0639271892306067,KZ_R1_EQ_TR_FALLBACK,0.03529621288180351,0.03529621288180351,-0.044845731758363594,0.0022563876800188306
1969,CHE,false,missing_start_market_cap,1968,,,JST_R6_EQ_TR,0.044843293726444244,,,
1969,DEU,true,,1968,28143517336.35136,0.02661994355781768,JST_R6_EQ_TR,0.19145603477954865,0.2914248112959086,0.19145603477954842,0.007757712028044755
1969,DNK,true,,1968,1128672600.0700896,0.00106757092761513,JST_R6_EQ_TR,0.1981286257505417,0.19956791534386698,0.10670975140254435,0.0002130529045058698
1969,ESP,true,,1968,6581218221.856202,0.006224938251808645,JST_R6_EQ_TR,0.5244439840316772,0.5192217951271898,0.40161932784653454,0.0032321236136599956
1969,FIN,true,,1968,410630871.00074404,0.000388401011803113,JST_R6_EQ_TR,0.2586260437965393,0.2586260437965393,0.1611962092530117,0.00010045061708921207
1969,FRA,true,,1968,20287905191.707176,0.019189601806169167,JST_R6_EQ_TR,0.23662078380584717,0.09921896923927598,0.014128784725819354,0.0019039725113202534
1969,GBR,true,,1968,98620031533.65169,0.09328115038787675,JST_R6_EQ_TR,-0.11873120069503784,-0.11270675788565387,-0.18139184047779955,-0.010513416032061693
1969,ITA,true,,1968,10679536356.00441,0.010101390370751563,JST_R6_EQ_TR,0.18874378502368927,0.18494284566310193,0.09321680363059226,0.0018681798803206503
1969,JPN,true,,1968,33954423351.145275,0.032116271123590646,JST_R6_EQ_TR,0.3406941294670105,0.32999710183828435,0.22704245679963253,0.010598276392637494
1969,NLD,true,,1968,13252205529.188078,0.01253478586160691,JST_R6_EQ_TR,-0.030795181170105934,-0.03560911239078812,-0.11026229875870042,-0.0004463525985404224
1969,NOR,true,,1968,688425549.156598,0.0006511570335466859,JST_R6_EQ_TR,0.21763259172439575,0.21763259172439575,0.12337604703327698,0.00014171299283033458
1969,PRT,true,,1968,1474035860.9740715,0.0013942376481367003,JST_R6_EQ_TR,0.31890401244163513,0.32442821772954167,0.2219046582067039,0.0004523300352764175
1969,SWE,true,,1968,5791505792.623843,0.0054779775914963165,JST_R6_EQ_TR,0.055658869445323944,0.05770076281021663,-0.024175510785962806,0.00031608348568661076
1969,USA,true,,1968,744249633789.0625,0.7039590328249928,JST_R6_EQ_TR,-0.11483567953109741,-0.11483567953109741,-0.18335596298795265,-0.08083961389651216
